,ts,value
0,2022-05-01 03:00:00,45
1,2022-05-01 04:00:00,44
2,2022-05-01 05:00:00,45
3,2022-05-01 06:00:00,44
4,2022-05-01 07:00:00,46
5,2022-05-01 08:00:00,48
6,2022-05-01 09:00:00,49
7,2022-05-01 10:00:00,50
8,2022-05-01 11:00:00,49
9,2022-05-01 12:00:00,49
10,2022-05-01 13:00:00,49
11,2022-05-01 14:00:00,49
12,2022-05-01 15:00:00,49
13,2022-05-01 16:00:00,49
14,2022-05-01 17:00:00,49
15,2022-05-01 18:00:00,49
16,2022-05-01 19:00:00,48
17,2022-05-01 20:00:00,47
18,2022-05-01 21:00:00,47
19,2022-05-01 22:00:00,46
20,2022-05-01 23:00:00,46
21,2022-05-02 00:00:00,45
22,2022-05-02 01:00:00,45
23,2022-05-02 02:00:00,45
24,2022-05-02 03:00:00,44
25,2022-05-02 04:00:00,44
26,2022-05-02 05:00:00,44
27,2022-05-02 06:00:00,44
28,2022-05-02 07:00:00,46
29,2022-05-02 08:00:00,48
30,2022-05-02 09:00:00,49
31,2022-05-02 10:00:00,50
32,2022-05-02 11:00:00,50
33,2022-05-02 12:00:00,50
34,2022-05-02 13:00:00,50
35,2022-05-02 14:00:00,50
36,2022-05-02 15:00:00,50
37,2022-05-02 16:00:00,50
38,2022-05-02 17:00:00,50
39,2022-05-02 18:00:00,49
40,2022-05-02 19:00:00,49
41,2022-05-02 20:00:00,48
42,2022-05-02 21:00:00,48
43,2022-05-02 22:00:00,48
44,2022-05-02 23:00:00,47
45,2022-05-03 00:00:00,46
46,2022-05-03 01:00:00,46
47,2022-05-03 02:00:00,46
48,2022-05-03 03:00:00,46
49,2022-05-03 04:00:00,46
50,2022-05-03 05:00:00,47
51,2022-05-03 06:00:00,46
52,2022-05-03 07:00:00,47
53,2022-05-03 08:00:00,48
54,2022-05-03 09:00:00,48
55,2022-05-03 10:00:00,49
56,2022-05-03 11:00:00,50
57,2022-05-03 12:00:00,50
58,2022-05-03 13:00:00,50
59,2022-05-03 14:00:00,50
60,2022-05-03 15:00:00,51
61,2022-05-03 16:00:00,50
62,2022-05-03 17:00:00,50
63,2022-05-03 18:00:00,50
64,2022-05-03 19:00:00,50
65,2022-05-03 20:00:00,50
66,2022-05-03 21:00:00,50
67,2022-05-03 22:00:00,50
68,2022-05-03 23:00:00,49
69,2022-05-04 00:00:00,49
70,2022-05-04 01:00:00,49
71,2022-05-04 02:00:00,48
72,2022-05-04 03:00:00,48
73,2022-05-04 04:00:00,48
74,2022-05-04 05:00:00,48
75,2022-05-04 06:00:00,48
76,2022-05-04 07:00:00,49
77,2022-05-04 08:00:00,50
78,2022-05-04 09:00:00,51
79,2022-05-04 10:00:00,52
80,2022-05-04 11:00:00,52
81,2022-05-04 12:00:00,51
82,2022-05-04 13:00:00,51
83,2022-05-04 14:00:00,51
84,2022-05-04 15:00:00,51
85,2022-05-04 16:00:00,54
86,2022-05-04 17:00:00,52
87,2022-05-04 18:00:00,51
88,2022-05-04 19:00:00,50
89,2022-05-04 20:00:00,50
90,2022-05-04 21:00:00,49
91,2022-05-04 22:00:00,49
92,2022-05-04 23:00:00,48
93,2022-05-05 00:00:00,48
94,2022-05-05 01:00:00,47
95,2022-05-05 02:00:00,46
96,2022-05-05 03:00:00,46
97,2022-05-05 04:00:00,45
98,2022-05-05 05:00:00,46
99,2022-05-05 06:00:00,45
100,2022-05-05 07:00:00,47
101,2022-05-05 08:00:00,49
102,2022-05-05 09:00:00,50
103,2022-05-05 10:00:00,50
104,2022-05-05 11:00:00,51
105,2022-05-05 12:00:00,50
106,2022-05-05 13:00:00,50
107,2022-05-05 14:00:00,50
108,2022-05-05 15:00:00,50
109,2022-05-05 16:00:00,50
110,2022-05-05 17:00:00,49
111,2022-05-05 18:00:00,49
112,2022-05-05 19:00:00,49
113,2022-05-05 20:00:00,48
114,2022-05-05 21:00:00,48
115,2022-05-05 22:00:00,47
116,2022-05-05 23:00:00,46
117,2022-05-06 00:00:00,45
118,2022-05-06 01:00:00,45
119,2022-05-06 02:00:00,45
120,2022-05-06 03:00:00,44
121,2022-05-06 04:00:00,44
122,2022-05-06 05:00:00,45
123,2022-05-06 06:00:00,45
124,2022-05-06 07:00:00,46
125,2022-05-06 08:00:00,49
126,2022-05-06 09:00:00,50
127,2022-05-06 10:00:00,50
128,2022-05-06 11:00:00,50
129,2022-05-06 12:00:00,50
130,2022-05-06 13:00:00,50
131,2022-05-06 14:00:00,50
132,2022-05-06 15:00:00,50
133,2022-05-06 16:00:00,50
134,2022-05-06 17:00:00,50
135,2022-05-06 18:00:00,50
136,2022-05-06 19:00:00,49
137,2022-05-06 20:00:00,49
138,2022-05-06 21:00:00,49
139,2022-05-06 22:00:00,48
140,2022-05-06 23:00:00,48
141,2022-05-07 00:00:00,48
142,2022-05-07 01:00:00,47
143,2022-05-07 02:00:00,46
144,2022-05-07 03:00:00,46
145,2022-05-07 04:00:00,46
146,2022-05-07 05:00:00,46
147,2022-05-07 06:00:00,46
148,2022-05-07 07:00:00,48
149,2022-05-07 08:00:00,50
150,2022-05-07 09:00:00,51
151,2022-05-07 10:00:00,52
152,2022-05-07 11:00:00,51
153,2022-05-07 12:00:00,51
154,2022-05-07 13:00:00,51
155,2022-05-07 14:00:00,51
156,2022-05-07 15:00:00,50
157,2022-05-07 16:00:00,51
158,2022-05-07 17:00:00,50
159,2022-05-07 18:00:00,51
160,2022-05-07 19:00:00,51
161,2022-05-07 20:00:00,50
162,2022-05-07 21:00:00,49
163,2022-05-07 22:00:00,49
164,2022-05-07 23:00:00,49
165,2022-05-08 00:00:00,49
166,2022-05-08 01:00:00,48
167,2022-05-08 02:00:00,48
168,2022-05-08 03:00:00,47
169,2022-05-08 04:00:00,47
170,2022-05-08 05:00:00,47
171,2022-05-08 06:00:00,48
172,2022-05-08 07:00:00,49
173,2022-05-08 08:00:00,50
174,2022-05-08 09:00:00,52
175,2022-05-08 10:00:00,53
176,2022-05-08 11:00:00,53
177,2022-05-08 12:00:00,53
178,2022-05-08 13:00:00,53
179,2022-05-08 14:00:00,53
180,2022-05-08 15:00:00,53
181,2022-05-08 16:00:00,53
182,2022-05-08 17:00:00,53
183,2022-05-08 18:00:00,53
184,2022-05-08 19:00:00,52
185,2022-05-08 20:00:00,52
186,2022-05-08 21:00:00,51
187,2022-05-08 22:00:00,51
188,2022-05-08 23:00:00,51
189,2022-05-09 00:00:00,49
190,2022-05-09 01:00:00,49
191,2022-05-09 02:00:00,49
192,2022-05-09 03:00:00,49
193,2022-05-09 04:00:00,49
194,2022-05-09 05:00:00,50
195,2022-05-09 06:00:00,50
196,2022-05-09 07:00:00,50
197,2022-05-09 08:00:00,52
198,2022-05-09 09:00:00,52
199,2022-05-09 10:00:00,52
200,2022-05-09 11:00:00,52
201,2022-05-09 12:00:00,51
202,2022-05-09 13:00:00,50
203,2022-05-09 14:00:00,50
204,2022-05-09 15:00:00,51
205,2022-05-09 16:00:00,51
206,2022-05-09 17:00:00,51
207,2022-05-09 18:00:00,51
208,2022-05-09 19:00:00,50
209,2022-05-09 20:00:00,50
210,2022-05-09 21:00:00,49
211,2022-05-09 22:00:00,49
212,2022-05-09 23:00:00,49
213,2022-05-10 00:00:00,48
214,2022-05-10 01:00:00,48
215,2022-05-10 02:00:00,48
216,2022-05-10 03:00:00,47
217,2022-05-10 04:00:00,47
218,2022-05-10 05:00:00,48
219,2022-05-10 06:00:00,48
220,2022-05-10 07:00:00,49
221,2022-05-10 08:00:00,51
222,2022-05-10 09:00:00,52
223,2022-05-10 10:00:00,52
224,2022-05-10 11:00:00,51
225,2022-05-10 12:00:00,51
226,2022-05-10 13:00:00,50
227,2022-05-10 14:00:00,50
228,2022-05-10 15:00:00,50
229,2022-05-10 16:00:00,50
230,2022-05-10 17:00:00,49
231,2022-05-10 18:00:00,49
232,2022-05-10 19:00:00,49
233,2022-05-10 20:00:00,49
234,2022-05-10 21:00:00,49
235,2022-05-10 22:00:00,49
236,2022-05-10 23:00:00,48
237,2022-05-11 00:00:00,48
238,2022-05-11 01:00:00,48
239,2022-05-11 02:00:00,48
240,2022-05-11 03:00:00,47
241,2022-05-11 04:00:00,48
242,2022-05-11 05:00:00,48
243,2022-05-11 06:00:00,48
244,2022-05-11 07:00:00,48
245,2022-05-11 08:00:00,48
246,2022-05-11 09:00:00,49
247,2022-05-11 10:00:00,49
248,2022-05-11 11:00:00,49
249,2022-05-11 12:00:00,49
250,2022-05-11 13:00:00,50
251,2022-05-11 14:00:00,50
252,2022-05-11 15:00:00,50
253,2022-05-11 16:00:00,51
254,2022-05-11 17:00:00,51
255,2022-05-11 18:00:00,51
256,2022-05-11 19:00:00,51
257,2022-05-11 20:00:00,51
258,2022-05-11 21:00:00,51
259,2022-05-11 22:00:00,50
260,2022-05-11 23:00:00,50
261,2022-05-12 00:00:00,50
262,2022-05-12 01:00:00,49
263,2022-05-12 02:00:00,49
264,2022-05-12 03:00:00,49
265,2022-05-12 04:00:00,49
266,2022-05-12 05:00:00,49
267,2022-05-12 06:00:00,48
268,2022-05-12 07:00:00,50
269,2022-05-12 08:00:00,52
270,2022-05-12 09:00:00,53
271,2022-05-12 10:00:00,54
272,2022-05-12 11:00:00,53
273,2022-05-12 12:00:00,54
274,2022-05-12 13:00:00,53
275,2022-05-12 14:00:00,54
276,2022-05-12 15:00:00,54
277,2022-05-12 16:00:00,54
278,2022-05-12 17:00:00,54
279,2022-05-12 18:00:00,54
280,2022-05-12 19:00:00,54
281,2022-05-12 20:00:00,54
282,2022-05-12 21:00:00,54
283,2022-05-12 22:00:00,54
284,2022-05-12 23:00:00,53
285,2022-05-13 00:00:00,53
286,2022-05-13 01:00:00,52
287,2022-05-13 02:00:00,52
288,2022-05-13 03:00:00,52
289,2022-05-13 04:00:00,52
290,2022-05-13 05:00:00,52
291,2022-05-13 06:00:00,52
292,2022-05-13 07:00:00,53
293,2022-05-13 08:00:00,55
294,2022-05-13 09:00:00,56
295,2022-05-13 10:00:00,55
296,2022-05-13 11:00:00,55
297,2022-05-13 12:00:00,54
298,2022-05-13 13:00:00,54
299,2022-05-13 14:00:00,54
300,2022-05-13 15:00:00,53
301,2022-05-13 16:00:00,53
302,2022-05-13 17:00:00,53
303,2022-05-13 18:00:00,53
304,2022-05-13 19:00:00,53
305,2022-05-13 20:00:00,52
306,2022-05-13 21:00:00,52
307,2022-05-13 22:00:00,51
308,2022-05-13 23:00:00,51
309,2022-05-14 00:00:00,50
310,2022-05-14 01:00:00,50
311,2022-05-14 02:00:00,49
312,2022-05-14 03:00:00,49
313,2022-05-14 04:00:00,49
314,2022-05-14 05:00:00,50
315,2022-05-14 06:00:00,50
316,2022-05-14 07:00:00,50
317,2022-05-14 08:00:00,53
318,2022-05-14 09:00:00,54
319,2022-05-14 10:00:00,54
320,2022-05-14 11:00:00,54
321,2022-05-14 12:00:00,54
322,2022-05-14 13:00:00,54
323,2022-05-14 14:00:00,53
324,2022-05-14 15:00:00,54
325,2022-05-14 16:00:00,53
326,2022-05-14 17:00:00,53
327,2022-05-14 18:00:00,53
328,2022-05-14 19:00:00,53
329,2022-05-14 20:00:00,52
330,2022-05-14 21:00:00,52
331,2022-05-14 22:00:00,52
332,2022-05-14 23:00:00,51
333,2022-05-15 00:00:00,51
334,2022-05-15 01:00:00,50
335,2022-05-15 02:00:00,50
336,2022-05-15 03:00:00,50
337,2022-05-15 04:00:00,50
338,2022-05-15 05:00:00,50
339,2022-05-15 06:00:00,50
340,2022-05-15 07:00:00,50
341,2022-05-15 08:00:00,51
342,2022-05-15 09:00:00,52
343,2022-05-15 10:00:00,52
344,2022-05-15 11:00:00,52
345,2022-05-15 12:00:00,52
346,2022-05-15 13:00:00,52
347,2022-05-15 14:00:00,52
348,2022-05-15 15:00:00,52
349,2022-05-15 16:00:00,51
350,2022-05-15 17:00:00,51
351,2022-05-15 18:00:00,51
352,2022-05-15 19:00:00,51
353,2022-05-15 20:00:00,50
354,2022-05-15 21:00:00,50
355,2022-05-15 22:00:00,50
356,2022-05-15 23:00:00,50
357,2022-05-16 00:00:00,49
358,2022-05-16 01:00:00,49
359,2022-05-16 02:00:00,48
360,2022-05-16 03:00:00,48
361,2022-05-16 04:00:00,52
362,2022-05-16 05:00:00,54
363,2022-05-16 06:00:00,54
364,2022-05-16 07:00:00,54
365,2022-05-16 08:00:00,55
366,2022-05-16 09:00:00,55
367,2022-05-16 10:00:00,56
368,2022-05-16 11:00:00,57
369,2022-05-16 12:00:00,57
370,2022-05-16 13:00:00,57
371,2022-05-16 14:00:00,57
372,2022-05-16 15:00:00,57
373,2022-05-16 16:00:00,57
374,2022-05-16 17:00:00,57
375,2022-05-16 18:00:00,57
376,2022-05-16 19:00:00,57
377,2022-05-16 20:00:00,56
378,2022-05-16 21:00:00,56
379,2022-05-16 22:00:00,56
380,2022-05-16 23:00:00,55
381,2022-05-17 00:00:00,50
382,2022-05-17 01:00:00,49
383,2022-05-17 02:00:00,49
384,2022-05-17 03:00:00,48
385,2022-05-17 04:00:00,48
386,2022-05-17 05:00:00,48
387,2022-05-17 06:00:00,48
388,2022-05-17 07:00:00,49
389,2022-05-17 08:00:00,51
390,2022-05-17 09:00:00,52
391,2022-05-17 10:00:00,52
392,2022-05-17 11:00:00,51
393,2022-05-17 12:00:00,52
394,2022-05-17 13:00:00,51
395,2022-05-17 14:00:00,52
396,2022-05-17 15:00:00,52
397,2022-05-17 16:00:00,51
398,2022-05-17 17:00:00,51
399,2022-05-17 18:00:00,51
400,2022-05-17 19:00:00,51
401,2022-05-17 20:00:00,51
402,2022-05-17 21:00:00,51
403,2022-05-17 22:00:00,50
404,2022-05-17 23:00:00,49
405,2022-05-18 00:00:00,48
406,2022-05-18 01:00:00,48
407,2022-05-18 02:00:00,47
408,2022-05-18 03:00:00,47
409,2022-05-18 04:00:00,47
410,2022-05-18 05:00:00,48
411,2022-05-18 06:00:00,48
412,2022-05-18 07:00:00,49
413,2022-05-18 08:00:00,50
414,2022-05-18 09:00:00,50
415,2022-05-18 10:00:00,50
416,2022-05-18 11:00:00,50
417,2022-05-18 12:00:00,51
418,2022-05-18 13:00:00,51
419,2022-05-18 14:00:00,51
420,2022-05-18 15:00:00,51
421,2022-05-18 16:00:00,51
422,2022-05-18 17:00:00,51
423,2022-05-18 18:00:00,51
424,2022-05-18 19:00:00,51
425,2022-05-18 20:00:00,51
426,2022-05-18 21:00:00,51
427,2022-05-18 22:00:00,50
428,2022-05-18 23:00:00,50
429,2022-05-19 00:00:00,49
430,2022-05-19 01:00:00,49
431,2022-05-19 02:00:00,48
432,2022-05-19 03:00:00,48
433,2022-05-19 04:00:00,48
434,2022-05-19 05:00:00,48
435,2022-05-19 06:00:00,49
436,2022-05-19 07:00:00,50
437,2022-05-19 08:00:00,52
438,2022-05-19 09:00:00,53
439,2022-05-19 10:00:00,53
440,2022-05-19 11:00:00,53
441,2022-05-19 12:00:00,53
442,2022-05-19 13:00:00,52
443,2022-05-19 14:00:00,52
444,2022-05-19 15:00:00,53
445,2022-05-19 16:00:00,53
446,2022-05-19 17:00:00,53
447,2022-05-19 18:00:00,53
448,2022-05-19 19:00:00,52
449,2022-05-19 20:00:00,52
450,2022-05-19 21:00:00,51
451,2022-05-19 22:00:00,51
452,2022-05-19 23:00:00,51
453,2022-05-20 00:00:00,50
454,2022-05-20 01:00:00,49
455,2022-05-20 02:00:00,49
456,2022-05-20 03:00:00,48
457,2022-05-20 04:00:00,48
458,2022-05-20 05:00:00,49
459,2022-05-20 06:00:00,49
460,2022-05-20 07:00:00,49
461,2022-05-20 08:00:00,50
462,2022-05-20 09:00:00,51
463,2022-05-20 10:00:00,52
464,2022-05-20 11:00:00,51
465,2022-05-20 12:00:00,51
466,2022-05-20 13:00:00,52
467,2022-05-20 14:00:00,52
468,2022-05-20 15:00:00,52
469,2022-05-20 16:00:00,52
470,2022-05-20 17:00:00,51
471,2022-05-20 18:00:00,51
472,2022-05-20 19:00:00,51
473,2022-05-20 20:00:00,51
474,2022-05-20 21:00:00,51
475,2022-05-20 22:00:00,50
476,2022-05-20 23:00:00,50
477,2022-05-21 00:00:00,49
478,2022-05-21 01:00:00,49
479,2022-05-21 02:00:00,48
480,2022-05-21 03:00:00,48
481,2022-05-21 04:00:00,48
482,2022-05-21 05:00:00,49
483,2022-05-21 06:00:00,48
484,2022-05-21 07:00:00,49
485,2022-05-21 08:00:00,49
486,2022-05-21 09:00:00,50
487,2022-05-21 10:00:00,50
488,2022-05-21 11:00:00,50
489,2022-05-21 12:00:00,50
490,2022-05-21 13:00:00,51
491,2022-05-21 14:00:00,50
492,2022-05-21 15:00:00,50
493,2022-05-21 16:00:00,50
494,2022-05-21 17:00:00,50
495,2022-05-21 18:00:00,50
496,2022-05-21 19:00:00,50
497,2022-05-21 20:00:00,50
498,2022-05-21 21:00:00,50
499,2022-05-21 22:00:00,50
500,2022-05-21 23:00:00,50
501,2022-05-22 00:00:00,50
502,2022-05-22 01:00:00,49
503,2022-05-22 02:00:00,49
504,2022-05-22 03:00:00,49
505,2022-05-22 04:00:00,49
506,2022-05-22 05:00:00,50
507,2022-05-22 06:00:00,49
508,2022-05-22 07:00:00,49
509,2022-05-22 08:00:00,50
510,2022-05-22 09:00:00,50
511,2022-05-22 10:00:00,50
512,2022-05-22 11:00:00,50
513,2022-05-22 12:00:00,50
514,2022-05-22 13:00:00,50
515,2022-05-22 14:00:00,50
516,2022-05-22 15:00:00,50
517,2022-05-22 16:00:00,50
518,2022-05-22 17:00:00,50
519,2022-05-22 18:00:00,50
520,2022-05-22 19:00:00,50
521,2022-05-22 20:00:00,50
522,2022-05-22 21:00:00,49
523,2022-05-22 22:00:00,49
524,2022-05-22 23:00:00,49
525,2022-05-23 00:00:00,48
526,2022-05-23 01:00:00,48
527,2022-05-23 02:00:00,48
528,2022-05-23 03:00:00,47
529,2022-05-23 04:00:00,47
530,2022-05-23 05:00:00,47
531,2022-05-23 06:00:00,48
532,2022-05-23 07:00:00,48
533,2022-05-23 08:00:00,50
534,2022-05-23 09:00:00,51
535,2022-05-23 10:00:00,52
536,2022-05-23 11:00:00,52
537,2022-05-23 12:00:00,51
538,2022-05-23 13:00:00,51
539,2022-05-23 14:00:00,52
540,2022-05-23 15:00:00,52
541,2022-05-23 16:00:00,51
542,2022-05-23 17:00:00,51
543,2022-05-23 18:00:00,51
544,2022-05-23 19:00:00,51
545,2022-05-23 20:00:00,51
546,2022-05-23 21:00:00,50
547,2022-05-23 22:00:00,49
548,2022-05-23 23:00:00,49
549,2022-05-24 00:00:00,48
550,2022-05-24 01:00:00,48
551,2022-05-24 02:00:00,47
552,2022-05-24 03:00:00,47
553,2022-05-24 04:00:00,47
554,2022-05-24 05:00:00,48
555,2022-05-24 06:00:00,48
556,2022-05-24 07:00:00,49
557,2022-05-24 08:00:00,51
558,2022-05-24 09:00:00,53
559,2022-05-24 10:00:00,53
560,2022-05-24 11:00:00,53
561,2022-05-24 12:00:00,53
562,2022-05-24 13:00:00,53
563,2022-05-24 14:00:00,53
564,2022-05-24 15:00:00,53
565,2022-05-24 16:00:00,53
566,2022-05-24 17:00:00,53
567,2022-05-24 18:00:00,52
568,2022-05-24 19:00:00,52
569,2022-05-24 20:00:00,52
570,2022-05-24 21:00:00,51
571,2022-05-24 22:00:00,51
572,2022-05-24 23:00:00,50
573,2022-05-25 00:00:00,50
574,2022-05-25 01:00:00,50
575,2022-05-25 02:00:00,49
576,2022-05-25 03:00:00,49
577,2022-05-25 04:00:00,49
578,2022-05-25 05:00:00,49
579,2022-05-25 06:00:00,49
580,2022-05-25 07:00:00,49
581,2022-05-25 08:00:00,50
582,2022-05-25 09:00:00,51
583,2022-05-25 10:00:00,52
584,2022-05-25 11:00:00,51
585,2022-05-25 12:00:00,51
586,2022-05-25 13:00:00,52
587,2022-05-25 14:00:00,52
588,2022-05-25 15:00:00,52
589,2022-05-25 16:00:00,52
590,2022-05-25 17:00:00,52
591,2022-05-25 18:00:00,52
592,2022-05-25 19:00:00,52
593,2022-05-25 20:00:00,51
594,2022-05-25 21:00:00,51
595,2022-05-25 22:00:00,51
596,2022-05-25 23:00:00,50
597,2022-05-26 00:00:00,50
598,2022-05-26 01:00:00,49
599,2022-05-26 02:00:00,49
600,2022-05-26 03:00:00,49
601,2022-05-26 04:00:00,49
602,2022-05-26 05:00:00,49
603,2022-05-26 06:00:00,49
604,2022-05-26 07:00:00,51
605,2022-05-26 08:00:00,53
606,2022-05-26 09:00:00,54
607,2022-05-26 10:00:00,55
608,2022-05-26 11:00:00,55
609,2022-05-26 12:00:00,55
610,2022-05-26 13:00:00,55
611,2022-05-26 14:00:00,54
612,2022-05-26 15:00:00,54
613,2022-05-26 16:00:00,54
614,2022-05-26 17:00:00,54
615,2022-05-26 18:00:00,53
616,2022-05-26 19:00:00,52
617,2022-05-26 20:00:00,52
618,2022-05-26 21:00:00,52
619,2022-05-26 22:00:00,52
620,2022-05-26 23:00:00,51
621,2022-05-27 00:00:00,51
622,2022-05-27 01:00:00,51
623,2022-05-27 02:00:00,51
624,2022-05-27 03:00:00,50
625,2022-05-27 04:00:00,50
626,2022-05-27 05:00:00,51
627,2022-05-27 06:00:00,50
628,2022-05-27 07:00:00,51
629,2022-05-27 08:00:00,52
630,2022-05-27 09:00:00,52
631,2022-05-27 10:00:00,52
632,2022-05-27 11:00:00,52
633,2022-05-27 12:00:00,52
634,2022-05-27 13:00:00,53
635,2022-05-27 14:00:00,53
636,2022-05-27 15:00:00,53
637,2022-05-27 16:00:00,53
638,2022-05-27 17:00:00,53
639,2022-05-27 18:00:00,52
640,2022-05-27 19:00:00,52
641,2022-05-27 20:00:00,52
642,2022-05-27 21:00:00,52
643,2022-05-27 22:00:00,52
644,2022-05-27 23:00:00,51
645,2022-05-28 00:00:00,51
646,2022-05-28 01:00:00,51
647,2022-05-28 02:00:00,51
648,2022-05-28 03:00:00,51
649,2022-05-28 04:00:00,51
650,2022-05-28 05:00:00,52
651,2022-05-28 06:00:00,51
652,2022-05-28 07:00:00,51
653,2022-05-28 08:00:00,51
654,2022-05-28 09:00:00,51
655,2022-05-28 10:00:00,51
656,2022-05-28 11:00:00,51
657,2022-05-28 12:00:00,52
658,2022-05-28 13:00:00,52
659,2022-05-28 14:00:00,53
660,2022-05-28 15:00:00,52
661,2022-05-28 16:00:00,52
662,2022-05-28 17:00:00,52
663,2022-05-28 18:00:00,52
664,2022-05-28 19:00:00,52
665,2022-05-28 20:00:00,52
666,2022-05-28 21:00:00,51
667,2022-05-28 22:00:00,51
668,2022-05-28 23:00:00,51
669,2022-05-29 00:00:00,50
670,2022-05-29 01:00:00,50
671,2022-05-29 02:00:00,50
672,2022-05-29 03:00:00,50
673,2022-05-29 04:00:00,50
674,2022-05-29 05:00:00,50
675,2022-05-29 06:00:00,50
676,2022-05-29 07:00:00,50
677,2022-05-29 08:00:00,51
678,2022-05-29 09:00:00,51
679,2022-05-29 10:00:00,51
680,2022-05-29 11:00:00,51
681,2022-05-29 12:00:00,51
682,2022-05-29 13:00:00,51
683,2022-05-29 14:00:00,51
684,2022-05-29 15:00:00,52
685,2022-05-29 16:00:00,52
686,2022-05-29 17:00:00,52
687,2022-05-29 18:00:00,52
688,2022-05-29 19:00:00,51
689,2022-05-29 20:00:00,51
690,2022-05-29 21:00:00,51
691,2022-05-29 22:00:00,51
692,2022-05-29 23:00:00,50
693,2022-05-30 00:00:00,50
694,2022-05-30 01:00:00,49
695,2022-05-30 02:00:00,49
696,2022-05-30 03:00:00,49
697,2022-05-30 04:00:00,51
698,2022-05-30 05:00:00,50
699,2022-05-30 06:00:00,49
700,2022-05-30 07:00:00,51
701,2022-05-30 08:00:00,53
702,2022-05-30 09:00:00,54
703,2022-05-30 10:00:00,54
704,2022-05-30 11:00:00,54
705,2022-05-30 12:00:00,54
706,2022-05-30 13:00:00,54
707,2022-05-30 14:00:00,54
708,2022-05-30 15:00:00,54
709,2022-05-30 16:00:00,57
710,2022-05-30 17:00:00,54
711,2022-05-30 18:00:00,54
712,2022-05-30 19:00:00,54
713,2022-05-30 20:00:00,54
714,2022-05-30 21:00:00,53
715,2022-05-30 22:00:00,53
716,2022-05-30 23:00:00,53
717,2022-05-31 00:00:00,53
718,2022-05-31 01:00:00,52
719,2022-05-31 02:00:00,52
720,2022-05-31 03:00:00,52
721,2022-05-31 04:00:00,52
722,2022-05-31 05:00:00,53
723,2022-05-31 06:00:00,53
724,2022-05-31 07:00:00,53
725,2022-05-31 08:00:00,54
726,2022-05-31 09:00:00,54
727,2022-05-31 10:00:00,55
728,2022-05-31 11:00:00,55
729,2022-05-31 12:00:00,56
730,2022-05-31 13:00:00,56
731,2022-05-31 14:00:00,56
732,2022-05-31 15:00:00,56
733,2022-05-31 16:00:00,56
734,2022-05-31 17:00:00,56
735,2022-05-31 18:00:00,56
736,2022-05-31 19:00:00,56
737,2022-05-31 20:00:00,55
738,2022-05-31 21:00:00,55
739,2022-05-31 22:00:00,55
740,2022-05-31 23:00:00,55
741,2022-06-01 00:00:00,55
742,2022-06-01 01:00:00,54
743,2022-06-01 02:00:00,54
744,2022-06-01 03:00:00,54
745,2022-06-01 04:00:00,54
746,2022-06-01 05:00:00,54
747,2022-06-01 06:00:00,54
748,2022-06-01 07:00:00,54
749,2022-06-01 08:00:00,54
750,2022-06-01 09:00:00,55
751,2022-06-01 10:00:00,56
752,2022-06-01 11:00:00,56
753,2022-06-01 12:00:00,56
754,2022-06-01 13:00:00,56
755,2022-06-01 14:00:00,56
756,2022-06-01 15:00:00,56
757,2022-06-01 16:00:00,57
758,2022-06-01 17:00:00,56
759,2022-06-01 18:00:00,57
760,2022-06-01 19:00:00,56
761,2022-06-01 20:00:00,56
762,2022-06-01 21:00:00,56
763,2022-06-01 22:00:00,56
764,2022-06-01 23:00:00,55
765,2022-06-02 00:00:00,55
766,2022-06-02 01:00:00,55
767,2022-06-02 02:00:00,55
768,2022-06-02 03:00:00,55
769,2022-06-02 04:00:00,55
770,2022-06-02 05:00:00,55
771,2022-06-02 06:00:00,55
772,2022-06-02 07:00:00,55
773,2022-06-02 08:00:00,56
774,2022-06-02 09:00:00,57
775,2022-06-02 10:00:00,58
776,2022-06-02 11:00:00,58
777,2022-06-02 12:00:00,58
778,2022-06-02 13:00:00,58
779,2022-06-02 14:00:00,58
780,2022-06-02 15:00:00,58
781,2022-06-02 16:00:00,57
782,2022-06-02 17:00:00,57
783,2022-06-02 18:00:00,57
784,2022-06-02 19:00:00,56
785,2022-06-02 20:00:00,56
786,2022-06-02 21:00:00,56
787,2022-06-02 22:00:00,56
788,2022-06-02 23:00:00,56
789,2022-06-03 00:00:00,55
790,2022-06-03 01:00:00,55
791,2022-06-03 02:00:00,55
792,2022-06-03 03:00:00,55
793,2022-06-03 04:00:00,55
794,2022-06-03 05:00:00,55
795,2022-06-03 06:00:00,56
796,2022-06-03 07:00:00,56
797,2022-06-03 08:00:00,56
798,2022-06-03 09:00:00,56
799,2022-06-03 10:00:00,56
800,2022-06-03 11:00:00,57
801,2022-06-03 12:00:00,57
802,2022-06-03 13:00:00,57
803,2022-06-03 14:00:00,57
804,2022-06-03 15:00:00,57
805,2022-06-03 16:00:00,57
806,2022-06-03 17:00:00,56
807,2022-06-03 18:00:00,56
808,2022-06-03 19:00:00,56
809,2022-06-03 20:00:00,56
810,2022-06-03 21:00:00,56
811,2022-06-03 22:00:00,56
812,2022-06-03 23:00:00,55
813,2022-06-04 00:00:00,55
814,2022-06-04 01:00:00,54
815,2022-06-04 02:00:00,54
816,2022-06-04 03:00:00,53
817,2022-06-04 04:00:00,53
818,2022-06-04 05:00:00,53
819,2022-06-04 06:00:00,53
820,2022-06-04 07:00:00,54
821,2022-06-04 08:00:00,55
822,2022-06-04 09:00:00,56
823,2022-06-04 10:00:00,57
824,2022-06-04 11:00:00,57
825,2022-06-04 12:00:00,56
826,2022-06-04 13:00:00,56
827,2022-06-04 14:00:00,56
828,2022-06-04 15:00:00,56
829,2022-06-04 16:00:00,56
830,2022-06-04 17:00:00,56
831,2022-06-04 18:00:00,55
832,2022-06-04 19:00:00,55
833,2022-06-04 20:00:00,55
834,2022-06-04 21:00:00,54
835,2022-06-04 22:00:00,54
836,2022-06-04 23:00:00,53
837,2022-06-05 00:00:00,53
838,2022-06-05 01:00:00,53
839,2022-06-05 02:00:00,53
840,2022-06-05 03:00:00,53
841,2022-06-05 04:00:00,52
842,2022-06-05 05:00:00,53
843,2022-06-05 06:00:00,53
844,2022-06-05 07:00:00,54
845,2022-06-05 08:00:00,55
846,2022-06-05 09:00:00,56
847,2022-06-05 10:00:00,56
848,2022-06-05 11:00:00,56
849,2022-06-05 12:00:00,56
850,2022-06-05 13:00:00,56
851,2022-06-05 14:00:00,55
852,2022-06-05 15:00:00,55
853,2022-06-05 16:00:00,55
854,2022-06-05 17:00:00,55
855,2022-06-05 18:00:00,55
856,2022-06-05 19:00:00,54
857,2022-06-05 20:00:00,54
858,2022-06-05 21:00:00,54
859,2022-06-05 22:00:00,53
860,2022-06-05 23:00:00,53
861,2022-06-06 00:00:00,53
862,2022-06-06 01:00:00,52
863,2022-06-06 02:00:00,52
864,2022-06-06 03:00:00,51
865,2022-06-06 04:00:00,51
866,2022-06-06 05:00:00,51
867,2022-06-06 06:00:00,51
868,2022-06-06 07:00:00,53
869,2022-06-06 08:00:00,54
870,2022-06-06 09:00:00,55
871,2022-06-06 10:00:00,56
872,2022-06-06 11:00:00,55
873,2022-06-06 12:00:00,55
874,2022-06-06 13:00:00,55
875,2022-06-06 14:00:00,55
876,2022-06-06 15:00:00,55
877,2022-06-06 16:00:00,55
878,2022-06-06 17:00:00,55
879,2022-06-06 18:00:00,54
880,2022-06-06 19:00:00,54
881,2022-06-06 20:00:00,54
882,2022-06-06 21:00:00,53
883,2022-06-06 22:00:00,53
884,2022-06-06 23:00:00,52
885,2022-06-07 00:00:00,52
886,2022-06-07 01:00:00,51
887,2022-06-07 02:00:00,51
888,2022-06-07 03:00:00,50
889,2022-06-07 04:00:00,50
890,2022-06-07 05:00:00,50
891,2022-06-07 06:00:00,52
892,2022-06-07 07:00:00,54
893,2022-06-07 08:00:00,55
894,2022-06-07 09:00:00,56
895,2022-06-07 10:00:00,56
896,2022-06-07 11:00:00,56
897,2022-06-07 12:00:00,56
898,2022-06-07 13:00:00,55
899,2022-06-07 14:00:00,56
900,2022-06-07 15:00:00,55
901,2022-06-07 16:00:00,56
902,2022-06-07 17:00:00,55
903,2022-06-07 18:00:00,55
904,2022-06-07 19:00:00,54
905,2022-06-07 20:00:00,54
906,2022-06-07 21:00:00,54
907,2022-06-07 22:00:00,53
908,2022-06-07 23:00:00,53
909,2022-06-08 00:00:00,52
910,2022-06-08 01:00:00,51
911,2022-06-08 02:00:00,51
912,2022-06-08 03:00:00,51
913,2022-06-08 04:00:00,51
914,2022-06-08 05:00:00,51
915,2022-06-08 06:00:00,52
916,2022-06-08 07:00:00,54
917,2022-06-08 08:00:00,55
918,2022-06-08 09:00:00,56
919,2022-06-08 10:00:00,56
920,2022-06-08 11:00:00,56
921,2022-06-08 12:00:00,56
922,2022-06-08 13:00:00,56
923,2022-06-08 14:00:00,56
924,2022-06-08 15:00:00,56
925,2022-06-08 16:00:00,55
926,2022-06-08 17:00:00,55
927,2022-06-08 18:00:00,55
928,2022-06-08 19:00:00,54
929,2022-06-08 20:00:00,54
930,2022-06-08 21:00:00,53
931,2022-06-08 22:00:00,53
932,2022-06-08 23:00:00,52
933,2022-06-09 00:00:00,51
934,2022-06-09 01:00:00,51
935,2022-06-09 02:00:00,51
936,2022-06-09 03:00:00,50
937,2022-06-09 04:00:00,50
938,2022-06-09 05:00:00,51
939,2022-06-09 06:00:00,52
940,2022-06-09 07:00:00,54
941,2022-06-09 08:00:00,55
942,2022-06-09 09:00:00,56
943,2022-06-09 10:00:00,57
944,2022-06-09 11:00:00,56
945,2022-06-09 12:00:00,56
946,2022-06-09 13:00:00,56
947,2022-06-09 14:00:00,56
948,2022-06-09 15:00:00,56
949,2022-06-09 16:00:00,56
950,2022-06-09 17:00:00,56
951,2022-06-09 18:00:00,56
0,2022-06-09 18:34:04,56
1,2022-06-09 18:39:04,56
2,2022-06-09 18:44:04,56
3,2022-06-09 18:49:04,56
4,2022-06-09 18:54:04,56
5,2022-06-09 18:59:04,56
952,2022-06-09 19:00:00,55
6,2022-06-09 19:04:04,56
7,2022-06-09 19:09:04,56
8,2022-06-09 19:14:04,56
9,2022-06-09 19:19:04,56
10,2022-06-09 19:24:04,55
11,2022-06-09 19:29:04,55
12,2022-06-09 19:34:04,55
13,2022-06-09 19:39:04,56
14,2022-06-09 19:44:04,56
15,2022-06-09 19:49:04,55
16,2022-06-09 19:54:04,55
17,2022-06-09 19:59:04,55
953,2022-06-09 20:00:00,55
18,2022-06-09 20:04:05,55
19,2022-06-09 20:09:04,55
20,2022-06-09 20:14:04,55
21,2022-06-09 20:19:04,55
22,2022-06-09 20:24:04,56
23,2022-06-09 20:29:04,56
24,2022-06-09 20:34:04,56
25,2022-06-09 20:39:04,55
26,2022-06-09 20:44:04,55
27,2022-06-09 20:49:04,55
28,2022-06-09 20:54:04,55
29,2022-06-09 20:59:04,55
954,2022-06-09 21:00:00,54
30,2022-06-09 21:04:04,55
31,2022-06-09 21:09:04,55
32,2022-06-09 21:14:04,54
33,2022-06-09 21:19:04,54
34,2022-06-09 21:24:04,54
35,2022-06-09 21:29:04,54
36,2022-06-09 21:34:04,54
37,2022-06-09 21:39:04,54
38,2022-06-09 21:44:04,54
39,2022-06-09 21:49:04,54
40,2022-06-09 21:54:04,54
41,2022-06-09 21:59:04,54
955,2022-06-09 22:00:00,53
42,2022-06-09 22:04:04,54
43,2022-06-09 22:09:04,54
44,2022-06-09 22:14:04,54
45,2022-06-09 22:19:04,54
46,2022-06-09 22:24:05,53
47,2022-06-09 22:29:04,53
48,2022-06-09 22:34:04,53
49,2022-06-09 22:39:04,54
50,2022-06-09 22:44:04,54
51,2022-06-09 22:49:04,54
52,2022-06-09 22:54:04,54
53,2022-06-09 22:59:04,54
956,2022-06-09 23:00:00,53
54,2022-06-09 23:04:04,54
55,2022-06-09 23:09:04,54
56,2022-06-09 23:14:04,53
57,2022-06-09 23:19:04,53
58,2022-06-09 23:24:04,53
59,2022-06-09 23:29:04,54
60,2022-06-09 23:34:04,54
61,2022-06-09 23:39:04,53
62,2022-06-09 23:44:04,53
63,2022-06-09 23:49:04,53
64,2022-06-09 23:54:04,53
65,2022-06-09 23:59:04,53
957,2022-06-10 00:00:00,52
66,2022-06-10 00:04:04,53
67,2022-06-10 00:09:04,53
68,2022-06-10 00:14:04,53
69,2022-06-10 00:19:04,53
70,2022-06-10 00:24:04,53
71,2022-06-10 00:29:04,53
72,2022-06-10 00:34:04,53
73,2022-06-10 00:39:04,53
74,2022-06-10 00:44:04,53
75,2022-06-10 00:49:04,53
76,2022-06-10 00:54:04,53
77,2022-06-10 00:59:04,52
958,2022-06-10 01:00:00,52
78,2022-06-10 01:04:04,53
79,2022-06-10 01:09:04,52
80,2022-06-10 01:14:04,52
81,2022-06-10 01:19:04,52
82,2022-06-10 01:24:04,53
83,2022-06-10 01:29:04,53
84,2022-06-10 01:34:04,52
85,2022-06-10 01:39:04,52
86,2022-06-10 01:44:04,52
87,2022-06-10 01:49:04,52
88,2022-06-10 01:54:04,52
89,2022-06-10 01:59:04,52
959,2022-06-10 02:00:00,52
90,2022-06-10 02:04:04,52
91,2022-06-10 02:09:04,52
92,2022-06-10 02:14:04,52
93,2022-06-10 02:19:04,52
94,2022-06-10 02:24:04,52
95,2022-06-10 02:29:04,52
96,2022-06-10 02:34:04,52
97,2022-06-10 02:39:04,52
98,2022-06-10 02:44:04,52
99,2022-06-10 02:49:04,52
100,2022-06-10 02:54:04,52
101,2022-06-10 02:59:04,52
960,2022-06-10 03:00:00,51
102,2022-06-10 03:04:04,52
103,2022-06-10 03:09:04,52
104,2022-06-10 03:14:04,52
105,2022-06-10 03:19:04,52
106,2022-06-10 03:24:04,51
107,2022-06-10 03:29:04,51
108,2022-06-10 03:34:04,51
109,2022-06-10 03:39:04,51
110,2022-06-10 03:44:04,51
111,2022-06-10 03:49:04,52
112,2022-06-10 03:54:04,52
113,2022-06-10 03:59:04,52
961,2022-06-10 04:00:00,51
114,2022-06-10 04:04:04,52
115,2022-06-10 04:09:04,51
116,2022-06-10 04:14:04,51
117,2022-06-10 04:19:04,51
118,2022-06-10 04:24:04,51
119,2022-06-10 04:29:04,51
120,2022-06-10 04:34:04,51
121,2022-06-10 04:39:04,51
122,2022-06-10 04:44:04,51
123,2022-06-10 04:49:04,51
124,2022-06-10 04:54:04,51
125,2022-06-10 04:59:04,51
962,2022-06-10 05:00:00,52
126,2022-06-10 05:04:04,51
127,2022-06-10 05:09:04,52
128,2022-06-10 05:14:04,51
129,2022-06-10 05:19:04,52
130,2022-06-10 05:24:04,52
131,2022-06-10 05:29:04,52
132,2022-06-10 05:34:04,53
133,2022-06-10 05:39:04,53
134,2022-06-10 05:44:04,53
135,2022-06-10 05:49:04,53
136,2022-06-10 05:54:04,53
137,2022-06-10 05:59:04,53
963,2022-06-10 06:00:00,53
138,2022-06-10 06:04:04,53
139,2022-06-10 06:09:04,53
140,2022-06-10 06:14:04,53
141,2022-06-10 06:19:04,53
142,2022-06-10 06:24:04,53
143,2022-06-10 06:29:04,53
144,2022-06-10 06:34:04,53
145,2022-06-10 06:39:04,53
146,2022-06-10 06:44:04,53
147,2022-06-10 06:49:04,53
148,2022-06-10 06:54:04,54
149,2022-06-10 06:59:04,54
964,2022-06-10 07:00:00,55
150,2022-06-10 07:04:04,54
151,2022-06-10 07:09:04,55
152,2022-06-10 07:14:04,55
153,2022-06-10 07:19:04,55
154,2022-06-10 07:24:04,55
155,2022-06-10 07:29:04,55
156,2022-06-10 07:34:04,55
157,2022-06-10 07:39:04,56
158,2022-06-10 07:44:04,56
159,2022-06-10 07:49:04,56
160,2022-06-10 07:54:04,56
161,2022-06-10 07:59:04,56
965,2022-06-10 08:00:00,56
162,2022-06-10 08:04:04,56
163,2022-06-10 08:09:04,56
164,2022-06-10 08:14:04,56
165,2022-06-10 08:19:04,56
166,2022-06-10 08:24:04,57
167,2022-06-10 08:29:04,57
168,2022-06-10 08:34:04,57
169,2022-06-10 08:39:04,57
170,2022-06-10 08:44:04,57
171,2022-06-10 08:49:04,57
172,2022-06-10 08:54:04,57
173,2022-06-10 08:59:04,57
966,2022-06-10 09:00:00,58
174,2022-06-10 09:04:04,57
175,2022-06-10 09:09:04,58
176,2022-06-10 09:14:04,58
177,2022-06-10 09:19:04,59
178,2022-06-10 09:24:04,58
179,2022-06-10 09:29:04,58
180,2022-06-10 09:34:04,58
181,2022-06-10 09:39:04,58
182,2022-06-10 09:44:04,58
183,2022-06-10 09:49:04,58
184,2022-06-10 09:54:04,58
185,2022-06-10 09:59:04,59
967,2022-06-10 10:00:00,58
186,2022-06-10 10:04:04,59
187,2022-06-10 10:09:04,58
188,2022-06-10 10:14:04,58
189,2022-06-10 10:19:04,58
190,2022-06-10 10:24:04,58
191,2022-06-10 10:29:04,58
192,2022-06-10 10:34:04,58
193,2022-06-10 10:39:04,58
194,2022-06-10 10:44:04,58
195,2022-06-10 10:49:04,58
196,2022-06-10 10:54:04,58
197,2022-06-10 10:59:04,58
968,2022-06-10 11:00:00,57
198,2022-06-10 11:04:04,58
199,2022-06-10 11:09:04,59
200,2022-06-10 11:14:04,59
201,2022-06-10 11:19:04,58
202,2022-06-10 11:24:04,58
203,2022-06-10 11:29:04,58
204,2022-06-10 11:34:04,58
205,2022-06-10 11:39:04,57
206,2022-06-10 11:44:04,57
207,2022-06-10 11:49:04,57
208,2022-06-10 11:54:04,58
209,2022-06-10 11:59:04,58
969,2022-06-10 12:00:00,57
210,2022-06-10 12:04:04,58
211,2022-06-10 12:09:04,58
212,2022-06-10 12:14:04,58
213,2022-06-10 12:19:04,57
214,2022-06-10 12:24:04,57
215,2022-06-10 12:29:05,57
216,2022-06-10 12:34:04,57
217,2022-06-10 12:39:04,57
218,2022-06-10 12:44:04,57
219,2022-06-10 12:49:04,57
220,2022-06-10 12:54:04,57
221,2022-06-10 12:59:04,57
970,2022-06-10 13:00:00,57
222,2022-06-10 13:04:04,57
223,2022-06-10 13:09:04,57
224,2022-06-10 13:14:04,57
225,2022-06-10 13:19:04,57
226,2022-06-10 13:24:04,57
227,2022-06-10 13:29:04,57
228,2022-06-10 13:34:04,57
229,2022-06-10 13:39:04,57
230,2022-06-10 13:44:04,57
231,2022-06-10 13:49:04,57
232,2022-06-10 13:54:05,57
233,2022-06-10 13:59:04,57
971,2022-06-10 14:00:00,57
234,2022-06-10 14:04:04,57
235,2022-06-10 14:09:04,57
236,2022-06-10 14:14:04,57
237,2022-06-10 14:19:04,57
238,2022-06-10 14:24:04,57
239,2022-06-10 14:29:04,57
240,2022-06-10 14:34:04,57
241,2022-06-10 14:39:05,57
242,2022-06-10 14:44:04,57
243,2022-06-10 14:49:04,57
244,2022-06-10 14:54:04,57
245,2022-06-10 14:59:04,57
972,2022-06-10 15:00:00,57
246,2022-06-10 15:04:04,57
247,2022-06-10 15:09:04,57
248,2022-06-10 15:14:04,58
249,2022-06-10 15:19:04,57
250,2022-06-10 15:24:04,57
251,2022-06-10 15:29:04,58
252,2022-06-10 15:34:04,57
253,2022-06-10 15:39:04,58
254,2022-06-10 15:44:04,58
255,2022-06-10 15:49:04,57
256,2022-06-10 15:54:04,58
257,2022-06-10 15:59:04,57
973,2022-06-10 16:00:00,57
258,2022-06-10 16:04:04,57
259,2022-06-10 16:09:04,57
260,2022-06-10 16:14:04,57
261,2022-06-10 16:19:04,57
262,2022-06-10 16:24:04,57
263,2022-06-10 16:29:04,57
264,2022-06-10 16:34:04,57
265,2022-06-10 16:39:04,57
266,2022-06-10 16:44:04,57
267,2022-06-10 16:49:04,57
268,2022-06-10 16:54:04,57
269,2022-06-10 16:59:04,57
974,2022-06-10 17:00:00,57
270,2022-06-10 17:04:04,57
271,2022-06-10 17:09:04,57
272,2022-06-10 17:14:04,57
273,2022-06-10 17:19:04,57
274,2022-06-10 17:24:05,57
275,2022-06-10 17:29:04,57
276,2022-06-10 17:34:04,57
277,2022-06-10 17:39:04,57
278,2022-06-10 17:44:04,57
279,2022-06-10 17:49:04,57
280,2022-06-10 17:54:04,57
281,2022-06-10 17:59:04,57
975,2022-06-10 18:00:00,56
282,2022-06-10 18:04:04,57
283,2022-06-10 18:09:04,57
284,2022-06-10 18:14:04,57
285,2022-06-10 18:19:04,57
286,2022-06-10 18:24:04,57
287,2022-06-10 18:29:04,57
288,2022-06-10 18:34:04,56
289,2022-06-10 18:39:04,56
290,2022-06-10 18:44:04,56
291,2022-06-10 18:49:04,56
292,2022-06-10 18:54:04,56
293,2022-06-10 18:59:04,56
976,2022-06-10 19:00:00,56
294,2022-06-10 19:04:04,56
295,2022-06-10 19:09:04,56
296,2022-06-10 19:14:04,56
297,2022-06-10 19:19:04,56
298,2022-06-10 19:24:04,56
299,2022-06-10 19:29:04,56
300,2022-06-10 19:34:04,56
301,2022-06-10 19:39:04,56
302,2022-06-10 19:44:04,56
303,2022-06-10 19:49:04,56
304,2022-06-10 19:54:04,56
305,2022-06-10 19:59:04,56
977,2022-06-10 20:00:00,55
306,2022-06-10 20:04:04,56
307,2022-06-10 20:09:04,56
308,2022-06-10 20:14:04,56
309,2022-06-10 20:19:04,56
310,2022-06-10 20:24:04,55
311,2022-06-10 20:29:04,56
312,2022-06-10 20:34:04,55
313,2022-06-10 20:39:04,56
314,2022-06-10 20:44:04,56
315,2022-06-10 20:49:04,56
316,2022-06-10 20:54:04,55
317,2022-06-10 20:59:04,55
978,2022-06-10 21:00:00,55
318,2022-06-10 21:04:04,55
319,2022-06-10 21:09:04,55
320,2022-06-10 21:14:04,55
321,2022-06-10 21:19:04,55
322,2022-06-10 21:24:04,55
323,2022-06-10 21:29:04,55
324,2022-06-10 21:34:04,55
325,2022-06-10 21:39:04,55
326,2022-06-10 21:44:04,56
327,2022-06-10 21:49:04,55
328,2022-06-10 21:54:04,55
329,2022-06-10 21:59:04,55
979,2022-06-10 22:00:00,55
330,2022-06-10 22:04:04,55
331,2022-06-10 22:09:04,55
332,2022-06-10 22:14:04,55
333,2022-06-10 22:19:04,55
334,2022-06-10 22:24:04,55
335,2022-06-10 22:29:04,55
336,2022-06-10 22:34:04,55
337,2022-06-10 22:39:04,55
338,2022-06-10 22:44:04,55
339,2022-06-10 22:49:04,55
340,2022-06-10 22:54:04,55
341,2022-06-10 22:59:04,55
980,2022-06-10 23:00:00,54
342,2022-06-10 23:04:04,55
343,2022-06-10 23:09:04,54
344,2022-06-10 23:14:04,54
345,2022-06-10 23:19:05,54
346,2022-06-10 23:24:04,54
347,2022-06-10 23:29:04,54
348,2022-06-10 23:34:04,54
349,2022-06-10 23:39:04,54
350,2022-06-10 23:44:04,55
351,2022-06-10 23:49:04,55
352,2022-06-10 23:54:04,55
353,2022-06-10 23:59:04,55
981,2022-06-11 00:00:00,54
354,2022-06-11 00:04:04,54
355,2022-06-11 00:09:04,54
356,2022-06-11 00:14:04,54
357,2022-06-11 00:19:04,54
358,2022-06-11 00:24:04,54
359,2022-06-11 00:29:04,54
360,2022-06-11 00:34:04,54
361,2022-06-11 00:39:04,54
362,2022-06-11 00:44:04,54
363,2022-06-11 00:49:04,54
364,2022-06-11 00:54:04,54
365,2022-06-11 00:59:04,54
982,2022-06-11 01:00:00,54
366,2022-06-11 01:04:04,54
367,2022-06-11 01:09:04,54
368,2022-06-11 01:14:04,54
369,2022-06-11 01:19:04,54
370,2022-06-11 01:24:04,54
371,2022-06-11 01:29:04,54
372,2022-06-11 01:34:04,54
373,2022-06-11 01:39:04,54
374,2022-06-11 01:44:04,54
375,2022-06-11 01:49:04,54
376,2022-06-11 01:54:04,54
377,2022-06-11 01:59:04,54
983,2022-06-11 02:00:00,53
378,2022-06-11 02:04:04,54
379,2022-06-11 02:09:04,54
380,2022-06-11 02:14:04,54
381,2022-06-11 02:19:04,54
382,2022-06-11 02:24:04,54
383,2022-06-11 02:29:04,54
384,2022-06-11 02:34:05,54
385,2022-06-11 02:39:04,53
386,2022-06-11 02:44:04,53
387,2022-06-11 02:49:04,54
388,2022-06-11 02:54:04,54
389,2022-06-11 02:59:04,54
984,2022-06-11 03:00:00,53
390,2022-06-11 03:04:04,54
391,2022-06-11 03:09:04,54
392,2022-06-11 03:14:04,55
393,2022-06-11 03:19:04,54
394,2022-06-11 03:24:04,54
395,2022-06-11 03:29:04,53
396,2022-06-11 03:34:04,53
397,2022-06-11 03:39:04,53
398,2022-06-11 03:44:04,53
399,2022-06-11 03:49:05,53
400,2022-06-11 03:54:04,53
401,2022-06-11 03:59:04,53
985,2022-06-11 04:00:00,53
402,2022-06-11 04:04:04,53
403,2022-06-11 04:09:04,53
404,2022-06-11 04:14:04,53
405,2022-06-11 04:19:04,54
406,2022-06-11 04:24:04,54
407,2022-06-11 04:29:04,54
408,2022-06-11 04:34:04,54
409,2022-06-11 04:39:04,54
410,2022-06-11 04:44:05,53
411,2022-06-11 04:49:04,53
412,2022-06-11 04:54:04,53
413,2022-06-11 04:59:04,53
986,2022-06-11 05:00:00,53
414,2022-06-11 05:04:04,53
415,2022-06-11 05:09:04,53
416,2022-06-11 05:14:04,53
417,2022-06-11 05:19:04,54
418,2022-06-11 05:24:04,54
419,2022-06-11 05:29:04,53
420,2022-06-11 05:34:04,54
421,2022-06-11 05:39:04,54
422,2022-06-11 05:44:04,54
423,2022-06-11 05:49:04,54
424,2022-06-11 05:54:04,54
425,2022-06-11 05:59:04,54
987,2022-06-11 06:00:00,54
426,2022-06-11 06:04:04,54
427,2022-06-11 06:09:04,54
428,2022-06-11 06:14:04,54
429,2022-06-11 06:19:04,54
430,2022-06-11 06:24:04,54
431,2022-06-11 06:29:04,54
432,2022-06-11 06:34:04,55
433,2022-06-11 06:39:04,55
434,2022-06-11 06:44:04,55
435,2022-06-11 06:49:04,55
436,2022-06-11 06:54:04,56
437,2022-06-11 06:59:04,56
988,2022-06-11 07:00:00,56
438,2022-06-11 07:04:04,56
439,2022-06-11 07:09:04,56
440,2022-06-11 07:14:04,56
441,2022-06-11 07:19:04,56
442,2022-06-11 07:24:04,56
443,2022-06-11 07:29:04,56
444,2022-06-11 07:34:04,56
445,2022-06-11 07:39:04,56
446,2022-06-11 07:44:04,57
447,2022-06-11 07:49:04,57
448,2022-06-11 07:54:04,57
449,2022-06-11 07:59:04,57
989,2022-06-11 08:00:00,57
450,2022-06-11 08:04:04,57
451,2022-06-11 08:09:04,57
452,2022-06-11 08:14:04,58
453,2022-06-11 08:19:04,58
454,2022-06-11 08:24:04,58
455,2022-06-11 08:29:04,58
456,2022-06-11 08:34:04,58
457,2022-06-11 08:39:04,58
458,2022-06-11 08:44:04,58
459,2022-06-11 08:49:04,58
460,2022-06-11 08:54:04,58
461,2022-06-11 08:59:04,58
990,2022-06-11 09:00:00,58
462,2022-06-11 09:04:05,58
463,2022-06-11 09:09:04,58
464,2022-06-11 09:14:04,58
465,2022-06-11 09:19:04,58
466,2022-06-11 09:24:04,58
467,2022-06-11 09:29:04,58
468,2022-06-11 09:34:04,59
469,2022-06-11 09:39:04,59
470,2022-06-11 09:44:04,59
471,2022-06-11 09:49:04,59
472,2022-06-11 09:54:04,59
473,2022-06-11 09:59:04,59
991,2022-06-11 10:00:00,58
474,2022-06-11 10:04:04,59
475,2022-06-11 10:09:04,59
476,2022-06-11 10:14:04,59
477,2022-06-11 10:19:04,59
478,2022-06-11 10:24:04,59
479,2022-06-11 10:29:04,58
480,2022-06-11 10:34:04,59
481,2022-06-11 10:39:04,59
482,2022-06-11 10:44:04,59
483,2022-06-11 10:49:04,59
484,2022-06-11 10:54:04,59
485,2022-06-11 10:59:04,59
992,2022-06-11 11:00:00,58
486,2022-06-11 11:04:04,59
487,2022-06-11 11:09:04,59
488,2022-06-11 11:14:04,59
489,2022-06-11 11:19:04,59
490,2022-06-11 11:24:04,59
491,2022-06-11 11:29:04,59
492,2022-06-11 11:34:04,59
493,2022-06-11 11:39:04,59
494,2022-06-11 11:44:04,59
495,2022-06-11 11:49:04,58
496,2022-06-11 11:54:04,58
497,2022-06-11 11:59:04,58
993,2022-06-11 12:00:00,58
498,2022-06-11 12:04:04,58
499,2022-06-11 12:09:04,58
500,2022-06-11 12:14:04,58
501,2022-06-11 12:19:04,58
502,2022-06-11 12:24:04,58
503,2022-06-11 12:29:04,58
504,2022-06-11 12:34:04,58
505,2022-06-11 12:39:04,58
506,2022-06-11 12:44:04,58
507,2022-06-11 12:49:04,58
508,2022-06-11 12:54:04,58
509,2022-06-11 12:59:04,58
994,2022-06-11 13:00:00,58
510,2022-06-11 13:04:04,58
511,2022-06-11 13:09:04,58
512,2022-06-11 13:14:04,58
513,2022-06-11 13:19:04,58
514,2022-06-11 13:24:04,58
515,2022-06-11 13:29:04,58
516,2022-06-11 13:34:04,58
517,2022-06-11 13:39:04,58
518,2022-06-11 13:44:04,58
519,2022-06-11 13:49:04,58
520,2022-06-11 13:54:05,58
521,2022-06-11 13:59:04,58
995,2022-06-11 14:00:00,58
522,2022-06-11 14:04:04,58
523,2022-06-11 14:09:04,58
524,2022-06-11 14:14:04,58
525,2022-06-11 14:19:04,59
526,2022-06-11 14:24:04,59
527,2022-06-11 14:29:04,59
528,2022-06-11 14:34:04,59
529,2022-06-11 14:39:04,58
530,2022-06-11 14:44:04,59
531,2022-06-11 14:49:04,59
532,2022-06-11 14:54:04,59
533,2022-06-11 14:59:04,59
996,2022-06-11 15:00:00,58
534,2022-06-11 15:04:04,58
535,2022-06-11 15:09:04,59
536,2022-06-11 15:14:04,58
537,2022-06-11 15:19:04,58
538,2022-06-11 15:24:04,58
539,2022-06-11 15:29:04,58
540,2022-06-11 15:34:04,58
541,2022-06-11 15:39:04,58
542,2022-06-11 15:44:04,58
543,2022-06-11 15:49:04,58
544,2022-06-11 15:54:04,58
545,2022-06-11 15:59:04,58
997,2022-06-11 16:00:00,58
546,2022-06-11 16:04:04,58
547,2022-06-11 16:09:04,58
548,2022-06-11 16:14:04,58
549,2022-06-11 16:19:04,58
550,2022-06-11 16:24:04,58
551,2022-06-11 16:29:04,58
552,2022-06-11 16:34:04,58
553,2022-06-11 16:39:04,58
554,2022-06-11 16:44:04,58
555,2022-06-11 16:49:04,58
556,2022-06-11 16:54:04,58
557,2022-06-11 16:59:04,58
998,2022-06-11 17:00:00,57
558,2022-06-11 17:04:04,58
559,2022-06-11 17:09:04,58
560,2022-06-11 17:14:04,58
561,2022-06-11 17:19:04,58
562,2022-06-11 17:24:04,57
563,2022-06-11 17:29:04,58
564,2022-06-11 17:34:04,58
565,2022-06-11 17:39:04,58
566,2022-06-11 17:44:04,58
567,2022-06-11 17:49:04,58
568,2022-06-11 17:54:04,58
569,2022-06-11 17:59:04,58
999,2022-06-11 18:00:00,57
570,2022-06-11 18:04:05,57
571,2022-06-11 18:09:04,58
572,2022-06-11 18:14:04,58
573,2022-06-11 18:19:04,58
574,2022-06-11 18:24:04,58
575,2022-06-11 18:29:04,57
576,2022-06-11 18:34:04,57
577,2022-06-11 18:39:04,58
578,2022-06-11 18:44:04,57
579,2022-06-11 18:49:04,57
580,2022-06-11 18:54:04,57
581,2022-06-11 18:59:04,58
1000,2022-06-11 19:00:00,57
582,2022-06-11 19:04:04,58
583,2022-06-11 19:09:04,58
584,2022-06-11 19:14:04,57
585,2022-06-11 19:19:04,57
586,2022-06-11 19:24:05,57
587,2022-06-11 19:29:04,57
588,2022-06-11 19:34:04,57
589,2022-06-11 19:39:04,57
590,2022-06-11 19:44:04,57
591,2022-06-11 19:49:04,57
592,2022-06-11 19:54:04,57
593,2022-06-11 19:59:04,57
1001,2022-06-11 20:00:00,56
594,2022-06-11 20:04:04,57
595,2022-06-11 20:09:04,57
596,2022-06-11 20:14:04,56
597,2022-06-11 20:19:04,56
598,2022-06-11 20:24:04,56
599,2022-06-11 20:29:04,56
600,2022-06-11 20:34:04,56
601,2022-06-11 20:39:04,56
602,2022-06-11 20:44:04,56
603,2022-06-11 20:49:04,56
604,2022-06-11 20:54:04,56
605,2022-06-11 20:59:04,56
1002,2022-06-11 21:00:00,56
606,2022-06-11 21:04:04,56
607,2022-06-11 21:09:04,56
608,2022-06-11 21:14:04,56
609,2022-06-11 21:19:04,56
610,2022-06-11 21:24:04,56
611,2022-06-11 21:29:04,56
612,2022-06-11 21:34:04,56
613,2022-06-11 21:39:04,56
614,2022-06-11 21:44:04,56
615,2022-06-11 21:49:04,56
616,2022-06-11 21:54:04,56
617,2022-06-11 21:59:04,56
1003,2022-06-11 22:00:00,55
618,2022-06-11 22:04:05,56
619,2022-06-11 22:09:04,56
620,2022-06-11 22:14:04,56
621,2022-06-11 22:19:04,56
622,2022-06-11 22:24:04,56
623,2022-06-11 22:29:04,56
624,2022-06-11 22:34:04,56
625,2022-06-11 22:39:04,56
626,2022-06-11 22:44:04,56
627,2022-06-11 22:49:04,55
628,2022-06-11 22:54:04,55
629,2022-06-11 22:59:04,55
1004,2022-06-11 23:00:00,54
630,2022-06-11 23:04:04,55
631,2022-06-11 23:09:04,55
632,2022-06-11 23:14:04,55
633,2022-06-11 23:19:04,55
634,2022-06-11 23:24:04,55
635,2022-06-11 23:29:04,55
636,2022-06-11 23:34:04,55
637,2022-06-11 23:39:04,55
638,2022-06-11 23:44:04,55
639,2022-06-11 23:49:04,55
640,2022-06-11 23:54:04,54
641,2022-06-11 23:59:04,55
1005,2022-06-12 00:00:00,54
642,2022-06-12 00:04:04,55
643,2022-06-12 00:09:04,54
644,2022-06-12 00:14:04,55
645,2022-06-12 00:19:04,54
646,2022-06-12 00:24:04,55
647,2022-06-12 00:29:04,55
648,2022-06-12 00:34:04,54
649,2022-06-12 00:39:04,54
650,2022-06-12 00:44:04,55
651,2022-06-12 00:49:04,55
652,2022-06-12 00:54:04,55
653,2022-06-12 00:59:04,55
1006,2022-06-12 01:00:00,54
654,2022-06-12 01:04:04,55
655,2022-06-12 01:09:04,55
656,2022-06-12 01:14:04,54
657,2022-06-12 01:19:04,54
658,2022-06-12 01:24:04,54
659,2022-06-12 01:29:04,54
660,2022-06-12 01:34:04,54
661,2022-06-12 01:39:04,54
662,2022-06-12 01:44:04,54
663,2022-06-12 01:49:04,54
664,2022-06-12 01:54:04,54
665,2022-06-12 01:59:04,54
1007,2022-06-12 02:00:00,53
666,2022-06-12 02:04:04,53
667,2022-06-12 02:09:04,54
668,2022-06-12 02:14:04,54
669,2022-06-12 02:19:04,54
670,2022-06-12 02:24:04,54
671,2022-06-12 02:29:04,54
672,2022-06-12 02:34:04,54
673,2022-06-12 02:39:04,54
674,2022-06-12 02:44:04,54
675,2022-06-12 02:49:04,54
676,2022-06-12 02:54:04,53
677,2022-06-12 02:59:04,54
1008,2022-06-12 03:00:00,53
678,2022-06-12 03:04:04,54
679,2022-06-12 03:09:04,53
680,2022-06-12 03:14:04,54
681,2022-06-12 03:19:04,54
682,2022-06-12 03:24:04,53
683,2022-06-12 03:29:04,53
684,2022-06-12 03:34:04,53
685,2022-06-12 03:39:04,53
686,2022-06-12 03:44:04,53
687,2022-06-12 03:49:04,53
688,2022-06-12 03:54:04,53
689,2022-06-12 03:59:04,53
1009,2022-06-12 04:00:00,53
690,2022-06-12 04:04:04,53
691,2022-06-12 04:09:05,53
692,2022-06-12 04:14:04,53
693,2022-06-12 04:19:04,53
694,2022-06-12 04:24:04,53
695,2022-06-12 04:29:04,53
696,2022-06-12 04:34:04,53
697,2022-06-12 04:39:04,53
698,2022-06-12 04:44:04,53
699,2022-06-12 04:49:04,53
700,2022-06-12 04:54:04,53
701,2022-06-12 04:59:04,53
1010,2022-06-12 05:00:00,53
702,2022-06-12 05:04:04,53
703,2022-06-12 05:09:04,53
704,2022-06-12 05:14:04,53
705,2022-06-12 05:19:04,53
706,2022-06-12 05:24:04,53
707,2022-06-12 05:29:04,53
708,2022-06-12 05:34:04,53
709,2022-06-12 05:39:04,54
710,2022-06-12 05:44:04,54
711,2022-06-12 05:49:04,54
712,2022-06-12 05:54:04,54
713,2022-06-12 05:59:04,54
1011,2022-06-12 06:00:00,54
714,2022-06-12 06:04:04,54
715,2022-06-12 06:09:04,54
716,2022-06-12 06:14:04,54
717,2022-06-12 06:19:04,54
718,2022-06-12 06:24:05,54
719,2022-06-12 06:29:04,54
720,2022-06-12 06:34:04,54
721,2022-06-12 06:39:04,54
722,2022-06-12 06:44:04,54
723,2022-06-12 06:49:04,54
724,2022-06-12 06:54:04,54
725,2022-06-12 06:59:04,54
1012,2022-06-12 07:00:00,55
726,2022-06-12 07:04:04,54
727,2022-06-12 07:09:04,54
728,2022-06-12 07:14:04,55
729,2022-06-12 07:19:04,55
730,2022-06-12 07:24:04,55
731,2022-06-12 07:29:04,55
732,2022-06-12 07:34:04,55
733,2022-06-12 07:39:04,55
734,2022-06-12 07:44:04,56
735,2022-06-12 07:49:04,56
736,2022-06-12 07:54:04,56
737,2022-06-12 07:59:04,56
1013,2022-06-12 08:00:00,56
738,2022-06-12 08:04:04,56
739,2022-06-12 08:09:04,56
740,2022-06-12 08:14:04,57
741,2022-06-12 08:19:04,57
742,2022-06-12 08:24:04,57
743,2022-06-12 08:29:04,57
744,2022-06-12 08:34:04,57
745,2022-06-12 08:39:04,57
746,2022-06-12 08:44:04,57
747,2022-06-12 08:49:04,57
748,2022-06-12 08:54:04,57
749,2022-06-12 08:59:04,57
1014,2022-06-12 09:00:00,57
750,2022-06-12 09:04:04,57
751,2022-06-12 09:09:04,57
752,2022-06-12 09:14:04,57
753,2022-06-12 09:19:04,57
754,2022-06-12 09:24:04,57
755,2022-06-12 09:29:04,57
756,2022-06-12 09:34:04,58
757,2022-06-12 09:39:04,58
758,2022-06-12 09:44:04,58
759,2022-06-12 09:49:04,58
760,2022-06-12 09:54:04,58
761,2022-06-12 09:59:04,58
1015,2022-06-12 10:00:00,58
762,2022-06-12 10:04:04,58
763,2022-06-12 10:09:04,58
764,2022-06-12 10:14:04,58
765,2022-06-12 10:19:04,58
766,2022-06-12 10:24:04,58
767,2022-06-12 10:29:04,58
768,2022-06-12 10:34:04,58
769,2022-06-12 10:39:04,58
770,2022-06-12 10:44:04,58
771,2022-06-12 10:49:04,58
772,2022-06-12 10:54:04,58
773,2022-06-12 10:59:04,58
1016,2022-06-12 11:00:00,57
774,2022-06-12 11:04:04,58
775,2022-06-12 11:09:04,58
776,2022-06-12 11:14:04,58
777,2022-06-12 11:19:04,58
778,2022-06-12 11:24:04,58
779,2022-06-12 11:29:04,58
780,2022-06-12 11:34:04,57
781,2022-06-12 11:39:04,57
782,2022-06-12 11:44:04,57
783,2022-06-12 11:49:04,57
784,2022-06-12 11:54:04,57
785,2022-06-12 11:59:04,57
1017,2022-06-12 12:00:00,57
786,2022-06-12 12:04:04,57
787,2022-06-12 12:09:04,57
788,2022-06-12 12:14:04,57
789,2022-06-12 12:19:04,57
790,2022-06-12 12:24:04,57
791,2022-06-12 12:29:04,57
792,2022-06-12 12:34:04,57
793,2022-06-12 12:39:04,57
794,2022-06-12 12:44:04,57
795,2022-06-12 12:49:04,57
796,2022-06-12 12:54:04,57
797,2022-06-12 12:59:04,57
1018,2022-06-12 13:00:00,57
798,2022-06-12 13:04:04,57
799,2022-06-12 13:09:04,57
800,2022-06-12 13:14:04,57
801,2022-06-12 13:19:04,57
802,2022-06-12 13:24:04,57
803,2022-06-12 13:29:04,57
804,2022-06-12 13:34:04,57
805,2022-06-12 13:39:04,57
806,2022-06-12 13:44:04,57
807,2022-06-12 13:49:04,57
808,2022-06-12 13:54:04,57
809,2022-06-12 13:59:04,57
1019,2022-06-12 14:00:00,57
810,2022-06-12 14:04:04,57
811,2022-06-12 14:09:04,57
812,2022-06-12 14:14:04,57
813,2022-06-12 14:19:04,57
814,2022-06-12 14:24:04,57
815,2022-06-12 14:29:04,57
816,2022-06-12 14:34:04,57
817,2022-06-12 14:39:04,57
818,2022-06-12 14:44:04,57
819,2022-06-12 14:49:04,57
820,2022-06-12 14:54:04,57
821,2022-06-12 14:59:04,57
1020,2022-06-12 15:00:00,57
822,2022-06-12 15:04:04,57
823,2022-06-12 15:09:04,57
824,2022-06-12 15:14:04,57
825,2022-06-12 15:19:04,57
826,2022-06-12 15:24:04,57
827,2022-06-12 15:29:04,57
828,2022-06-12 15:34:04,57
829,2022-06-12 15:39:04,57
830,2022-06-12 15:44:04,57
831,2022-06-12 15:49:04,57
832,2022-06-12 15:54:04,57
833,2022-06-12 15:59:04,57
1021,2022-06-12 16:00:00,57
834,2022-06-12 16:04:04,57
835,2022-06-12 16:09:04,57
836,2022-06-12 16:14:04,57
837,2022-06-12 16:19:04,57
838,2022-06-12 16:24:04,57
839,2022-06-12 16:29:04,57
840,2022-06-12 16:34:04,57
841,2022-06-12 16:39:04,57
842,2022-06-12 16:44:04,57
843,2022-06-12 16:49:04,57
844,2022-06-12 16:54:04,57
845,2022-06-12 16:59:04,57
1022,2022-06-12 17:00:00,57
846,2022-06-12 17:04:04,57
847,2022-06-12 17:09:04,57
848,2022-06-12 17:14:04,57
849,2022-06-12 17:19:04,57
850,2022-06-12 17:24:04,57
851,2022-06-12 17:29:04,57
852,2022-06-12 17:34:04,57
853,2022-06-12 17:39:04,57
854,2022-06-12 17:44:04,57
855,2022-06-12 17:49:04,57
856,2022-06-12 17:54:04,57
857,2022-06-12 17:59:04,57
1023,2022-06-12 18:00:00,56
858,2022-06-12 18:04:04,57
859,2022-06-12 18:09:04,57
860,2022-06-12 18:14:04,57
861,2022-06-12 18:19:04,57
862,2022-06-12 18:24:04,57
863,2022-06-12 18:29:04,56
864,2022-06-12 18:34:04,57
865,2022-06-12 18:39:04,56
866,2022-06-12 18:44:04,57
867,2022-06-12 18:49:04,56
868,2022-06-12 18:54:04,56
869,2022-06-12 18:59:04,56
1024,2022-06-12 19:00:00,56
870,2022-06-12 19:04:04,56
871,2022-06-12 19:09:04,56
872,2022-06-12 19:14:04,56
873,2022-06-12 19:19:04,56
874,2022-06-12 19:24:04,56
875,2022-06-12 19:29:04,56
876,2022-06-12 19:34:04,56
877,2022-06-12 19:39:04,56
878,2022-06-12 19:44:04,56
879,2022-06-12 19:49:04,56
880,2022-06-12 19:54:04,56
881,2022-06-12 19:59:04,56
1025,2022-06-12 20:00:00,56
882,2022-06-12 20:04:05,56
883,2022-06-12 20:09:04,56
884,2022-06-12 20:14:04,56
885,2022-06-12 20:19:04,56
886,2022-06-12 20:24:04,56
887,2022-06-12 20:29:04,56
888,2022-06-12 20:34:04,56
889,2022-06-12 20:39:04,56
890,2022-06-12 20:44:04,56
891,2022-06-12 20:49:04,56
892,2022-06-12 20:54:04,56
893,2022-06-12 20:59:04,56
1026,2022-06-12 21:00:00,55
894,2022-06-12 21:04:04,56
895,2022-06-12 21:09:04,56
896,2022-06-12 21:14:04,56
897,2022-06-12 21:19:04,56
898,2022-06-12 21:24:04,55
899,2022-06-12 21:29:04,56
900,2022-06-12 21:34:04,56
901,2022-06-12 21:39:04,55
902,2022-06-12 21:44:04,55
903,2022-06-12 21:49:04,56
904,2022-06-12 21:54:04,55
905,2022-06-12 21:59:04,56
1027,2022-06-12 22:00:00,55
906,2022-06-12 22:04:04,55
907,2022-06-12 22:09:04,55
908,2022-06-12 22:14:04,55
909,2022-06-12 22:19:04,56
910,2022-06-12 22:24:04,56
911,2022-06-12 22:29:04,55
912,2022-06-12 22:34:04,56
913,2022-06-12 22:39:04,55
914,2022-06-12 22:44:04,56
915,2022-06-12 22:49:04,56
916,2022-06-12 22:54:04,55
917,2022-06-12 22:59:04,56
1028,2022-06-12 23:00:00,55
918,2022-06-12 23:04:04,56
919,2022-06-12 23:09:04,55
920,2022-06-12 23:14:04,55
921,2022-06-12 23:19:04,55
922,2022-06-12 23:24:04,55
923,2022-06-12 23:29:04,55
924,2022-06-12 23:34:04,55
925,2022-06-12 23:39:05,55
926,2022-06-12 23:44:04,55
927,2022-06-12 23:49:04,55
928,2022-06-12 23:54:04,55
929,2022-06-12 23:59:05,55
1029,2022-06-13 00:00:00,54
930,2022-06-13 00:04:04,55
931,2022-06-13 00:09:04,55
932,2022-06-13 00:14:04,55
933,2022-06-13 00:19:04,55
934,2022-06-13 00:24:04,55
935,2022-06-13 00:29:04,55
936,2022-06-13 00:34:04,55
937,2022-06-13 00:39:04,55
938,2022-06-13 00:44:04,55
939,2022-06-13 00:49:04,54
940,2022-06-13 00:54:04,55
941,2022-06-13 00:59:04,54
1030,2022-06-13 01:00:00,54
942,2022-06-13 01:04:04,54
943,2022-06-13 01:09:04,54
944,2022-06-13 01:14:04,55
945,2022-06-13 01:19:04,55
946,2022-06-13 01:24:04,55
947,2022-06-13 01:29:04,54
948,2022-06-13 01:34:04,54
949,2022-06-13 01:39:04,54
950,2022-06-13 01:44:04,54
951,2022-06-13 01:49:04,54
952,2022-06-13 01:54:04,54
953,2022-06-13 01:59:04,55
1031,2022-06-13 02:00:00,54
954,2022-06-13 02:04:04,54
955,2022-06-13 02:09:04,54
956,2022-06-13 02:14:04,54
957,2022-06-13 02:19:04,54
958,2022-06-13 02:24:04,55
959,2022-06-13 02:29:04,54
960,2022-06-13 02:34:04,54
961,2022-06-13 02:39:04,54
962,2022-06-13 02:44:04,54
963,2022-06-13 02:49:04,54
964,2022-06-13 02:54:04,54
965,2022-06-13 02:59:04,55
1032,2022-06-13 03:00:00,54
966,2022-06-13 03:04:04,55
967,2022-06-13 03:09:04,54
968,2022-06-13 03:14:04,55
969,2022-06-13 03:19:04,55
970,2022-06-13 03:24:04,54
971,2022-06-13 03:29:04,54
972,2022-06-13 03:34:05,54
973,2022-06-13 03:39:04,54
974,2022-06-13 03:44:04,54
975,2022-06-13 03:49:04,54
976,2022-06-13 03:54:04,54
977,2022-06-13 03:59:04,54
1033,2022-06-13 04:00:00,54
978,2022-06-13 04:04:04,54
979,2022-06-13 04:09:04,54
980,2022-06-13 04:14:04,54
981,2022-06-13 04:19:04,54
982,2022-06-13 04:24:04,54
983,2022-06-13 04:29:04,54
984,2022-06-13 04:34:04,54
985,2022-06-13 04:39:04,54
986,2022-06-13 04:44:04,54
987,2022-06-13 04:49:04,54
988,2022-06-13 04:54:04,54
989,2022-06-13 04:59:04,54
1034,2022-06-13 05:00:00,54
990,2022-06-13 05:04:04,54
991,2022-06-13 05:09:04,54
992,2022-06-13 05:14:04,54
993,2022-06-13 05:19:04,54
994,2022-06-13 05:24:04,55
995,2022-06-13 05:29:04,55
996,2022-06-13 05:34:04,55
997,2022-06-13 05:39:05,55
998,2022-06-13 05:44:04,55
999,2022-06-13 05:49:04,54
1000,2022-06-13 05:54:04,55
1001,2022-06-13 05:59:04,54
1035,2022-06-13 06:00:00,54
1002,2022-06-13 06:04:04,54
1003,2022-06-13 06:09:04,54
1004,2022-06-13 06:14:04,54
1005,2022-06-13 06:19:04,54
1006,2022-06-13 06:24:04,54
1007,2022-06-13 06:29:04,54
1008,2022-06-13 06:34:04,54
1009,2022-06-13 06:39:04,54
1010,2022-06-13 06:44:04,54
1011,2022-06-13 06:49:04,54
1012,2022-06-13 06:54:04,54
1013,2022-06-13 06:59:04,54
1036,2022-06-13 07:00:00,54
1014,2022-06-13 07:04:04,54
1015,2022-06-13 07:09:04,55
1016,2022-06-13 07:14:04,54
1017,2022-06-13 07:19:04,55
1018,2022-06-13 07:24:04,55
1019,2022-06-13 07:29:04,54
1020,2022-06-13 07:34:04,54
1021,2022-06-13 07:39:04,54
1022,2022-06-13 07:44:04,54
1023,2022-06-13 07:49:04,55
1024,2022-06-13 07:54:04,54
1025,2022-06-13 07:59:04,54
1037,2022-06-13 08:00:00,55
1026,2022-06-13 08:04:04,55
1027,2022-06-13 08:09:04,55
1028,2022-06-13 08:14:04,55
1029,2022-06-13 08:19:04,55
1030,2022-06-13 08:24:04,55
1031,2022-06-13 08:29:04,55
1032,2022-06-13 08:34:04,55
1033,2022-06-13 08:39:04,55
1034,2022-06-13 08:44:04,55
1035,2022-06-13 08:49:04,55
1036,2022-06-13 08:54:04,55
1037,2022-06-13 08:59:04,55
1038,2022-06-13 09:00:00,56
1038,2022-06-13 09:04:04,56
1039,2022-06-13 09:09:04,56
1040,2022-06-13 09:14:04,56
1041,2022-06-13 09:19:04,56
1042,2022-06-13 09:24:04,56
1043,2022-06-13 09:29:04,56
1044,2022-06-13 09:34:05,56
1045,2022-06-13 09:39:04,56
1046,2022-06-13 09:44:04,56
1047,2022-06-13 09:49:04,56
1048,2022-06-13 09:54:04,56
1049,2022-06-13 09:59:04,56
1039,2022-06-13 10:00:00,56
1050,2022-06-13 10:04:04,56
1051,2022-06-13 10:09:04,56
1052,2022-06-13 10:14:04,56
1053,2022-06-13 10:19:04,56
1054,2022-06-13 10:24:04,56
1055,2022-06-13 10:29:04,56
1056,2022-06-13 10:34:04,56
1057,2022-06-13 10:39:04,56
1058,2022-06-13 10:44:04,56
1059,2022-06-13 10:49:04,56
1060,2022-06-13 10:54:04,56
1061,2022-06-13 10:59:04,56
1040,2022-06-13 11:00:00,56
1062,2022-06-13 11:04:04,56
1063,2022-06-13 11:09:04,56
1064,2022-06-13 11:14:04,56
1065,2022-06-13 11:19:04,56
1066,2022-06-13 11:24:04,56
1067,2022-06-13 11:29:04,56
1068,2022-06-13 11:34:04,56
1069,2022-06-13 11:39:04,56
1070,2022-06-13 11:44:04,56
1071,2022-06-13 11:49:04,56
1072,2022-06-13 11:54:04,56
1073,2022-06-13 11:59:04,56
1041,2022-06-13 12:00:00,56
1074,2022-06-13 12:04:04,56
1075,2022-06-13 12:09:04,56
1076,2022-06-13 12:14:04,56
1077,2022-06-13 12:19:04,56
1078,2022-06-13 12:24:04,56
1079,2022-06-13 12:29:04,56
1080,2022-06-13 12:34:04,56
1081,2022-06-13 12:39:04,56
1082,2022-06-13 12:44:04,56
1083,2022-06-13 12:49:04,56
1084,2022-06-13 12:54:04,56
1085,2022-06-13 12:59:04,56
1042,2022-06-13 13:00:00,55
1086,2022-06-13 13:04:04,56
1087,2022-06-13 13:09:04,56
1088,2022-06-13 13:14:04,56
1089,2022-06-13 13:19:04,56
1090,2022-06-13 13:24:04,56
1091,2022-06-13 13:29:04,56
1092,2022-06-13 13:34:04,56
1093,2022-06-13 13:39:04,56
1094,2022-06-13 13:44:04,56
1095,2022-06-13 13:49:04,56
1096,2022-06-13 13:54:04,56
1097,2022-06-13 13:59:04,55
1043,2022-06-13 14:00:00,55
1098,2022-06-13 14:04:04,55
1099,2022-06-13 14:09:04,55
1100,2022-06-13 14:14:04,55
1101,2022-06-13 14:19:04,55
1102,2022-06-13 14:24:04,55
1103,2022-06-13 14:29:04,55
1104,2022-06-13 14:34:04,55
1105,2022-06-13 14:39:04,55
1106,2022-06-13 14:44:04,55
1107,2022-06-13 14:49:04,55
1108,2022-06-13 14:54:04,55
1109,2022-06-13 14:59:04,55
1044,2022-06-13 15:00:00,54
1110,2022-06-13 15:04:04,55
1111,2022-06-13 15:09:04,55
1112,2022-06-13 15:14:04,55
1113,2022-06-13 15:19:04,55
1114,2022-06-13 15:24:04,54
1115,2022-06-13 15:29:04,55
1116,2022-06-13 15:34:04,54
1117,2022-06-13 15:39:04,54
1118,2022-06-13 15:44:04,54
1119,2022-06-13 15:49:04,54
1120,2022-06-13 15:54:04,54
1121,2022-06-13 15:59:04,54
1045,2022-06-13 16:00:00,54
1122,2022-06-13 16:04:04,54
1123,2022-06-13 16:09:04,54
1124,2022-06-13 16:14:04,54
1125,2022-06-13 16:19:04,54
1126,2022-06-13 16:24:04,54
1127,2022-06-13 16:29:04,54
1128,2022-06-13 16:34:04,54
1129,2022-06-13 16:39:04,54
1130,2022-06-13 16:44:04,54
1131,2022-06-13 16:49:04,54
1132,2022-06-13 16:54:04,54
1133,2022-06-13 16:59:04,54
1046,2022-06-13 17:00:00,53
1134,2022-06-13 17:04:04,54
1135,2022-06-13 17:09:05,54
1136,2022-06-13 17:14:04,54
1137,2022-06-13 17:19:04,54
1138,2022-06-13 17:24:04,54
1139,2022-06-13 17:29:04,54
1140,2022-06-13 17:34:04,54
1141,2022-06-13 17:39:04,54
1142,2022-06-13 17:44:04,54
1143,2022-06-13 17:49:04,54
1144,2022-06-13 17:54:04,54
1145,2022-06-13 17:59:04,53
1047,2022-06-13 18:00:00,53
1146,2022-06-13 18:04:04,53
1147,2022-06-13 18:09:04,54
1148,2022-06-13 18:14:04,54
1149,2022-06-13 18:19:04,54
1150,2022-06-13 18:24:04,54
1151,2022-06-13 18:29:04,54
1152,2022-06-13 18:34:05,54
1153,2022-06-13 18:39:04,54
1154,2022-06-13 18:44:04,54
1155,2022-06-13 18:49:04,54
1156,2022-06-13 18:54:04,54
1157,2022-06-13 18:59:04,54
1048,2022-06-13 19:00:00,54
1158,2022-06-13 19:04:05,54
1159,2022-06-13 19:09:04,54
1160,2022-06-13 19:14:04,54
1161,2022-06-13 19:19:04,54
1162,2022-06-13 19:24:04,54
1163,2022-06-13 19:29:04,54
1164,2022-06-13 19:34:04,54
1165,2022-06-13 19:39:04,54
1166,2022-06-13 19:44:04,54
1167,2022-06-13 19:49:04,54
1168,2022-06-13 19:54:04,54
1169,2022-06-13 19:59:04,54
1049,2022-06-13 20:00:00,54
1170,2022-06-13 20:04:04,54
1171,2022-06-13 20:09:04,54
1172,2022-06-13 20:14:04,54
1173,2022-06-13 20:19:04,54
1174,2022-06-13 20:24:04,54
1175,2022-06-13 20:29:04,54
1176,2022-06-13 20:34:04,54
1177,2022-06-13 20:39:04,54
1178,2022-06-13 20:44:04,54
1179,2022-06-13 20:49:04,54
1180,2022-06-13 20:54:04,54
1181,2022-06-13 20:59:04,54
1050,2022-06-13 21:00:00,53
1182,2022-06-13 21:04:04,54
1183,2022-06-13 21:09:04,53
1184,2022-06-13 21:14:04,54
1185,2022-06-13 21:19:04,54
1186,2022-06-13 21:24:04,53
1187,2022-06-13 21:29:04,53
1188,2022-06-13 21:34:04,53
1189,2022-06-13 21:39:04,53
1190,2022-06-13 21:44:04,53
1191,2022-06-13 21:49:04,53
1192,2022-06-13 21:54:04,53
1193,2022-06-13 21:59:04,53
1051,2022-06-13 22:00:00,53
1194,2022-06-13 22:04:04,53
1195,2022-06-13 22:09:04,53
1196,2022-06-13 22:14:04,53
1197,2022-06-13 22:19:04,54
1198,2022-06-13 22:24:04,53
1199,2022-06-13 22:29:04,53
1200,2022-06-13 22:34:04,53
1201,2022-06-13 22:39:04,54
1202,2022-06-13 22:44:04,54
1203,2022-06-13 22:49:04,54
1204,2022-06-13 22:54:04,53
1205,2022-06-13 22:59:04,53
1052,2022-06-13 23:00:00,53
1206,2022-06-13 23:04:04,53
1207,2022-06-13 23:09:04,53
1208,2022-06-13 23:14:04,53
1209,2022-06-13 23:19:04,53
1210,2022-06-13 23:24:04,53
1211,2022-06-13 23:29:04,53
1212,2022-06-13 23:34:04,53
1213,2022-06-13 23:39:04,53
1214,2022-06-13 23:44:04,53
1215,2022-06-13 23:49:04,53
1216,2022-06-13 23:54:04,53
1217,2022-06-13 23:59:04,53
1053,2022-06-14 00:00:00,53
1218,2022-06-14 00:04:04,53
1219,2022-06-14 00:09:04,53
1220,2022-06-14 00:14:04,53
1221,2022-06-14 00:19:04,53
1222,2022-06-14 00:24:04,53
1223,2022-06-14 00:29:04,53
1224,2022-06-14 00:34:04,53
1225,2022-06-14 00:39:04,53
1226,2022-06-14 00:44:04,53
1227,2022-06-14 00:49:04,53
1228,2022-06-14 00:54:04,53
1229,2022-06-14 00:59:04,53
1054,2022-06-14 01:00:00,52
1230,2022-06-14 01:04:04,53
1231,2022-06-14 01:09:04,53
1232,2022-06-14 01:14:04,53
1233,2022-06-14 01:19:04,53
1234,2022-06-14 01:24:04,53
1235,2022-06-14 01:29:04,52
1236,2022-06-14 01:34:04,52
1237,2022-06-14 01:39:04,52
1238,2022-06-14 01:44:04,52
1239,2022-06-14 01:49:05,52
1240,2022-06-14 01:54:04,52
1241,2022-06-14 01:59:04,52
1055,2022-06-14 02:00:00,52
1242,2022-06-14 02:04:04,52
1243,2022-06-14 02:09:04,52
1244,2022-06-14 02:14:04,52
1245,2022-06-14 02:19:04,52
1246,2022-06-14 02:24:04,52
1247,2022-06-14 02:29:04,52
1248,2022-06-14 02:34:04,52
1249,2022-06-14 02:39:04,52
1250,2022-06-14 02:44:04,52
1251,2022-06-14 02:49:04,52
1252,2022-06-14 02:54:04,52
1253,2022-06-14 02:59:04,52
1056,2022-06-14 03:00:00,51
1254,2022-06-14 03:04:04,52
1255,2022-06-14 03:09:04,52
1256,2022-06-14 03:14:04,52
1257,2022-06-14 03:19:04,52
1258,2022-06-14 03:24:04,51
1259,2022-06-14 03:29:04,52
1260,2022-06-14 03:34:04,52
1261,2022-06-14 03:39:04,52
1262,2022-06-14 03:44:04,52
1263,2022-06-14 03:49:04,52
1264,2022-06-14 03:54:04,52
1265,2022-06-14 03:59:04,52
1057,2022-06-14 04:00:00,51
1266,2022-06-14 04:04:04,52
1267,2022-06-14 04:09:04,52
1268,2022-06-14 04:14:04,52
1269,2022-06-14 04:19:04,52
1270,2022-06-14 04:24:04,52
1271,2022-06-14 04:29:04,52
1272,2022-06-14 04:34:04,52
1273,2022-06-14 04:39:04,52
1274,2022-06-14 04:44:04,51
1275,2022-06-14 04:49:04,52
1276,2022-06-14 04:54:04,51
1277,2022-06-14 04:59:04,51
1058,2022-06-14 05:00:00,52
1278,2022-06-14 05:04:04,52
1279,2022-06-14 05:09:04,52
1280,2022-06-14 05:14:04,52
1281,2022-06-14 05:19:04,52
1282,2022-06-14 05:24:04,52
1283,2022-06-14 05:29:04,53
1284,2022-06-14 05:34:04,53
1285,2022-06-14 05:39:05,53
1286,2022-06-14 05:44:04,53
1287,2022-06-14 05:49:04,53
1288,2022-06-14 05:54:04,52
1289,2022-06-14 05:59:04,52
1059,2022-06-14 06:00:00,52
1290,2022-06-14 06:04:04,52
1291,2022-06-14 06:09:04,53
1292,2022-06-14 06:14:04,53
1293,2022-06-14 06:19:04,53
1294,2022-06-14 06:24:04,53
1295,2022-06-14 06:29:04,53
1296,2022-06-14 06:34:04,53
1297,2022-06-14 06:39:04,53
1298,2022-06-14 06:44:04,53
1299,2022-06-14 06:49:04,53
1300,2022-06-14 06:54:04,53
1301,2022-06-14 06:59:04,53
1060,2022-06-14 07:00:00,53
1302,2022-06-14 07:04:04,53
1303,2022-06-14 07:09:04,53
1304,2022-06-14 07:14:04,53
1305,2022-06-14 07:19:04,53
1306,2022-06-14 07:24:04,53
1307,2022-06-14 07:29:04,53
1308,2022-06-14 07:34:04,53
1309,2022-06-14 07:39:04,53
1310,2022-06-14 07:44:04,54
1311,2022-06-14 07:49:04,54
1312,2022-06-14 07:54:04,54
1313,2022-06-14 07:59:04,54
1061,2022-06-14 08:00:00,55
1314,2022-06-14 08:04:04,54
1315,2022-06-14 08:09:04,54
1316,2022-06-14 08:14:04,54
1317,2022-06-14 08:19:04,55
1318,2022-06-14 08:24:04,55
1319,2022-06-14 08:29:04,55
1320,2022-06-14 08:34:04,55
1321,2022-06-14 08:39:04,55
1322,2022-06-14 08:44:04,55
1323,2022-06-14 08:49:04,56
1324,2022-06-14 08:54:04,56
1325,2022-06-14 08:59:04,56
1062,2022-06-14 09:00:00,56
1326,2022-06-14 09:04:04,56
1327,2022-06-14 09:09:04,56
1328,2022-06-14 09:14:04,56
1329,2022-06-14 09:19:04,56
1330,2022-06-14 09:24:04,56
1331,2022-06-14 09:29:05,56
1332,2022-06-14 09:34:04,56
1333,2022-06-14 09:39:04,57
1334,2022-06-14 09:44:04,56
1335,2022-06-14 09:49:04,56
1336,2022-06-14 09:54:04,56
1337,2022-06-14 09:59:04,56
1063,2022-06-14 10:00:00,56
1338,2022-06-14 10:04:04,56
1339,2022-06-14 10:09:04,57
1340,2022-06-14 10:14:04,57
1341,2022-06-14 10:19:04,57
1342,2022-06-14 10:24:04,57
1343,2022-06-14 10:29:04,57
1344,2022-06-14 10:34:04,57
1345,2022-06-14 10:39:04,57
1346,2022-06-14 10:44:04,57
1347,2022-06-14 10:49:04,57
1348,2022-06-14 10:54:04,57
1349,2022-06-14 10:59:04,57
1064,2022-06-14 11:00:00,56
1350,2022-06-14 11:04:04,56
1351,2022-06-14 11:09:04,56
1352,2022-06-14 11:14:04,56
1353,2022-06-14 11:19:04,56
1354,2022-06-14 11:24:04,56
1355,2022-06-14 11:29:04,56
1356,2022-06-14 11:34:04,56
1357,2022-06-14 11:39:04,56
1358,2022-06-14 11:44:04,56
1359,2022-06-14 11:49:04,56
1360,2022-06-14 11:54:04,56
1361,2022-06-14 11:59:04,56
1065,2022-06-14 12:00:00,56
1362,2022-06-14 12:04:04,56
1363,2022-06-14 12:09:04,56
1364,2022-06-14 12:14:04,56
1365,2022-06-14 12:19:04,56
1366,2022-06-14 12:24:04,56
1367,2022-06-14 12:29:04,56
1368,2022-06-14 12:34:04,56
1369,2022-06-14 12:39:04,57
1370,2022-06-14 12:44:05,56
1371,2022-06-14 12:49:04,57
1372,2022-06-14 12:54:04,57
1373,2022-06-14 12:59:04,57
1066,2022-06-14 13:00:00,57
1374,2022-06-14 13:04:04,57
1375,2022-06-14 13:09:04,57
1376,2022-06-14 13:14:04,57
1377,2022-06-14 13:19:04,57
1378,2022-06-14 13:24:04,57
1379,2022-06-14 13:29:04,57
1380,2022-06-14 13:34:04,57
1381,2022-06-14 13:39:04,57
1382,2022-06-14 13:44:04,57
1383,2022-06-14 13:49:04,57
1384,2022-06-14 13:54:04,57
1385,2022-06-14 13:59:04,57
1067,2022-06-14 14:00:00,57
1386,2022-06-14 14:04:04,57
1387,2022-06-14 14:09:05,57
1388,2022-06-14 14:14:04,57
1389,2022-06-14 14:19:04,57
1390,2022-06-14 14:24:04,57
1391,2022-06-14 14:29:04,57
1392,2022-06-14 14:34:04,57
1393,2022-06-14 14:39:04,57
1394,2022-06-14 14:44:04,57
1395,2022-06-14 14:49:04,57
1396,2022-06-14 14:54:04,57
1397,2022-06-14 14:59:04,57
1068,2022-06-14 15:00:00,57
1398,2022-06-14 15:04:04,57
1399,2022-06-14 15:09:04,57
1400,2022-06-14 15:14:04,57
1401,2022-06-14 15:19:04,57
1402,2022-06-14 15:24:04,57
1403,2022-06-14 15:29:04,57
1404,2022-06-14 15:34:04,57
1405,2022-06-14 15:39:04,57
1406,2022-06-14 15:44:04,57
1407,2022-06-14 15:49:04,57
1408,2022-06-14 15:54:04,57
1409,2022-06-14 15:59:04,57
1069,2022-06-14 16:00:00,56
1410,2022-06-14 16:04:04,57
1411,2022-06-14 16:09:04,57
1412,2022-06-14 16:14:04,57
1413,2022-06-14 16:19:04,57
1414,2022-06-14 16:24:04,57
1415,2022-06-14 16:29:04,57
1416,2022-06-14 16:34:04,57
1417,2022-06-14 16:39:04,57
1418,2022-06-14 16:44:04,57
1419,2022-06-14 16:49:04,57
1420,2022-06-14 16:54:04,56
1421,2022-06-14 16:59:04,57
1070,2022-06-14 17:00:00,56
1422,2022-06-14 17:04:04,56
1423,2022-06-14 17:09:04,56
1424,2022-06-14 17:14:04,56
1425,2022-06-14 17:19:04,57
1426,2022-06-14 17:24:04,56
1427,2022-06-14 17:29:04,56
1428,2022-06-14 17:34:04,56
1429,2022-06-14 17:39:04,56
1430,2022-06-14 17:44:04,56
1431,2022-06-14 17:49:04,56
1432,2022-06-14 17:54:04,56
1433,2022-06-14 17:59:04,56
1071,2022-06-14 18:00:00,55
1434,2022-06-14 18:04:04,56
1435,2022-06-14 18:09:04,56
1436,2022-06-14 18:14:04,56
1437,2022-06-14 18:19:04,56
1438,2022-06-14 18:24:04,55
1439,2022-06-14 18:29:04,55
1440,2022-06-14 18:34:04,55
1441,2022-06-14 18:39:04,55
1442,2022-06-14 18:44:04,55
1443,2022-06-14 18:49:04,55
1444,2022-06-14 18:54:04,55
1445,2022-06-14 18:59:04,55
1072,2022-06-14 19:00:00,55
1446,2022-06-14 19:04:04,55
1447,2022-06-14 19:09:04,55
1448,2022-06-14 19:14:04,55
1449,2022-06-14 19:19:05,55
1450,2022-06-14 19:24:04,55
1451,2022-06-14 19:29:04,55
1452,2022-06-14 19:34:04,55
1453,2022-06-14 19:39:04,55
1454,2022-06-14 19:44:04,55
1455,2022-06-14 19:49:04,55
1456,2022-06-14 19:54:04,55
1457,2022-06-14 19:59:05,55
1073,2022-06-14 20:00:00,55
1458,2022-06-14 20:04:04,55
1459,2022-06-14 20:09:04,55
1460,2022-06-14 20:14:04,55
1461,2022-06-14 20:19:04,55
1462,2022-06-14 20:24:04,55
1463,2022-06-14 20:29:04,55
1464,2022-06-14 20:34:04,55
1465,2022-06-14 20:39:04,55
1466,2022-06-14 20:44:04,55
1467,2022-06-14 20:49:04,55
1468,2022-06-14 20:54:04,55
1469,2022-06-14 20:59:04,55
1074,2022-06-14 21:00:00,54
1470,2022-06-14 21:04:04,55
1471,2022-06-14 21:09:04,55
1472,2022-06-14 21:14:04,54
1473,2022-06-14 21:19:04,54
1474,2022-06-14 21:24:04,54
1475,2022-06-14 21:29:04,55
1476,2022-06-14 21:34:04,54
1477,2022-06-14 21:39:04,55
1478,2022-06-14 21:44:04,55
1479,2022-06-14 21:49:04,54
1480,2022-06-14 21:54:04,54
1481,2022-06-14 21:59:04,54
1075,2022-06-14 22:00:00,54
1482,2022-06-14 22:04:04,54
1483,2022-06-14 22:09:04,54
1484,2022-06-14 22:14:04,54
1485,2022-06-14 22:19:04,54
1486,2022-06-14 22:24:04,54
1487,2022-06-14 22:29:04,54
1488,2022-06-14 22:34:04,55
1489,2022-06-14 22:39:04,54
1490,2022-06-14 22:44:04,55
1491,2022-06-14 22:49:04,54
1492,2022-06-14 22:54:04,54
1493,2022-06-14 22:59:04,54
1076,2022-06-14 23:00:00,54
1494,2022-06-14 23:04:04,54
1495,2022-06-14 23:09:04,54
1496,2022-06-14 23:14:04,54
1497,2022-06-14 23:19:04,54
1498,2022-06-14 23:24:04,55
1499,2022-06-14 23:29:04,54
1500,2022-06-14 23:34:04,54
1501,2022-06-14 23:39:04,54
1502,2022-06-14 23:44:04,54
1503,2022-06-14 23:49:04,54
1504,2022-06-14 23:54:04,54
1505,2022-06-14 23:59:04,54
1077,2022-06-15 00:00:00,53
1506,2022-06-15 00:04:04,54
1507,2022-06-15 00:09:04,54
1508,2022-06-15 00:14:04,54
1509,2022-06-15 00:19:04,54
1510,2022-06-15 00:24:04,54
1511,2022-06-15 00:29:04,54
1512,2022-06-15 00:34:04,54
1513,2022-06-15 00:39:04,54
1514,2022-06-15 00:44:04,53
1515,2022-06-15 00:49:04,54
1516,2022-06-15 00:54:04,54
1517,2022-06-15 00:59:04,53
1078,2022-06-15 01:00:00,53
1518,2022-06-15 01:04:04,54
1519,2022-06-15 01:09:04,54
1520,2022-06-15 01:14:04,54
1521,2022-06-15 01:19:04,53
1522,2022-06-15 01:24:04,53
1523,2022-06-15 01:29:04,53
1524,2022-06-15 01:34:04,53
1525,2022-06-15 01:39:04,53
1526,2022-06-15 01:44:04,53
1527,2022-06-15 01:49:04,53
1528,2022-06-15 01:54:04,53
1529,2022-06-15 01:59:04,53
1079,2022-06-15 02:00:00,53
1530,2022-06-15 02:04:04,53
1531,2022-06-15 02:09:04,53
1532,2022-06-15 02:14:04,53
1533,2022-06-15 02:19:04,53
1534,2022-06-15 02:24:05,53
1535,2022-06-15 02:29:04,53
1536,2022-06-15 02:34:04,53
1537,2022-06-15 02:39:04,53
1538,2022-06-15 02:44:04,53
1539,2022-06-15 02:49:04,53
1540,2022-06-15 02:54:04,53
1541,2022-06-15 02:59:04,53
1080,2022-06-15 03:00:00,53
1542,2022-06-15 03:04:04,53
1543,2022-06-15 03:09:04,53
1544,2022-06-15 03:14:04,54
1545,2022-06-15 03:19:04,53
1546,2022-06-15 03:24:04,53
1547,2022-06-15 03:29:04,53
1548,2022-06-15 03:34:04,53
1549,2022-06-15 03:39:05,53
1550,2022-06-15 03:44:04,53
1551,2022-06-15 03:49:04,53
1552,2022-06-15 03:54:04,53
1553,2022-06-15 03:59:04,53
1081,2022-06-15 04:00:00,53
1554,2022-06-15 04:04:04,53
1555,2022-06-15 04:09:04,53
1556,2022-06-15 04:14:04,53
1557,2022-06-15 04:19:04,53
1558,2022-06-15 04:24:04,53
1559,2022-06-15 04:29:04,53
1560,2022-06-15 04:34:04,53
1561,2022-06-15 04:39:04,53
1562,2022-06-15 04:44:04,53
1563,2022-06-15 04:49:04,53
1564,2022-06-15 04:54:04,53
1565,2022-06-15 04:59:04,53
1082,2022-06-15 05:00:00,53
1566,2022-06-15 05:04:04,53
1567,2022-06-15 05:09:04,53
1568,2022-06-15 05:14:04,53
1569,2022-06-15 05:19:04,53
1570,2022-06-15 05:24:04,53
1571,2022-06-15 05:29:04,53
1572,2022-06-15 05:34:05,53
1573,2022-06-15 05:39:04,54
1574,2022-06-15 05:44:04,54
1575,2022-06-15 05:49:04,54
1576,2022-06-15 05:54:04,53
1577,2022-06-15 05:59:04,53
1083,2022-06-15 06:00:00,52
1578,2022-06-15 06:04:04,53
1579,2022-06-15 06:09:04,53
1580,2022-06-15 06:14:04,53
1581,2022-06-15 06:19:04,53
1582,2022-06-15 06:24:04,53
1583,2022-06-15 06:29:04,53
1584,2022-06-15 06:34:04,53
1585,2022-06-15 06:39:04,53
1586,2022-06-15 06:44:04,52
1587,2022-06-15 06:49:04,53
1588,2022-06-15 06:54:04,52
1589,2022-06-15 06:59:04,52
1084,2022-06-15 07:00:00,52
1590,2022-06-15 07:04:04,52
1591,2022-06-15 07:09:04,52
1592,2022-06-15 07:14:04,53
1593,2022-06-15 07:19:04,53
1594,2022-06-15 07:24:04,52
1595,2022-06-15 07:29:04,52
1596,2022-06-15 07:34:04,52
1597,2022-06-15 07:39:04,52
1598,2022-06-15 07:44:04,52
1599,2022-06-15 07:49:04,53
1600,2022-06-15 07:54:04,53
1601,2022-06-15 07:59:04,53
1085,2022-06-15 08:00:00,52
1602,2022-06-15 08:04:04,53
1603,2022-06-15 08:09:04,53
1604,2022-06-15 08:14:04,53
1605,2022-06-15 08:19:04,53
1606,2022-06-15 08:24:04,53
1607,2022-06-15 08:29:04,53
1608,2022-06-15 08:34:04,53
1609,2022-06-15 08:39:04,53
1610,2022-06-15 08:44:04,53
1611,2022-06-15 08:49:04,53
1612,2022-06-15 08:54:04,53
1613,2022-06-15 08:59:04,52
1086,2022-06-15 09:00:00,53
1614,2022-06-15 09:04:04,53
1615,2022-06-15 09:09:04,53
1616,2022-06-15 09:14:04,53
1617,2022-06-15 09:19:04,53
1618,2022-06-15 09:24:04,53
1619,2022-06-15 09:29:04,53
1620,2022-06-15 09:34:04,53
1621,2022-06-15 09:39:04,53
1622,2022-06-15 09:44:04,53
1623,2022-06-15 09:49:04,53
1624,2022-06-15 09:54:04,53
1625,2022-06-15 09:59:04,53
1087,2022-06-15 10:00:00,53
1626,2022-06-15 10:04:04,53
1627,2022-06-15 10:09:04,53
1628,2022-06-15 10:14:04,53
1629,2022-06-15 10:19:04,53
1630,2022-06-15 10:24:04,53
1631,2022-06-15 10:29:04,53
1632,2022-06-15 10:34:04,53
1633,2022-06-15 10:39:04,53
1634,2022-06-15 10:44:04,53
1635,2022-06-15 10:49:04,53
1636,2022-06-15 10:54:04,53
1637,2022-06-15 10:59:04,53
1088,2022-06-15 11:00:00,53
1638,2022-06-15 11:04:04,53
1639,2022-06-15 11:09:04,53
1640,2022-06-15 11:14:04,53
1641,2022-06-15 11:19:04,53
1642,2022-06-15 11:24:04,53
1643,2022-06-15 11:29:04,54
1644,2022-06-15 11:34:05,53
1645,2022-06-15 11:39:04,53
1646,2022-06-15 11:44:04,53
1647,2022-06-15 11:49:04,53
1648,2022-06-15 11:54:04,53
1649,2022-06-15 11:59:04,53
1089,2022-06-15 12:00:00,53
1650,2022-06-15 12:04:04,53
1651,2022-06-15 12:09:05,53
1652,2022-06-15 12:14:04,53
1653,2022-06-15 12:19:04,53
1654,2022-06-15 12:24:04,53
1655,2022-06-15 12:29:05,53
1656,2022-06-15 12:34:04,53
1657,2022-06-15 12:39:04,53
1658,2022-06-15 12:44:04,54
1659,2022-06-15 12:49:04,54
1660,2022-06-15 12:54:04,54
1661,2022-06-15 12:59:04,54
1090,2022-06-15 13:00:00,53
1662,2022-06-15 13:04:04,54
1663,2022-06-15 13:09:04,54
1664,2022-06-15 13:14:04,54
1665,2022-06-15 13:19:04,53
1666,2022-06-15 13:24:04,53
1667,2022-06-15 13:29:04,53
1668,2022-06-15 13:34:04,53
1669,2022-06-15 13:39:04,53
1670,2022-06-15 13:44:04,53
1671,2022-06-15 13:49:04,53
1672,2022-06-15 13:54:04,53
1673,2022-06-15 13:59:05,53
1091,2022-06-15 14:00:00,53
1674,2022-06-15 14:04:04,53
1675,2022-06-15 14:09:04,54
1676,2022-06-15 14:14:04,53
1677,2022-06-15 14:19:04,53
1678,2022-06-15 14:24:04,53
1679,2022-06-15 14:29:04,53
1680,2022-06-15 14:34:04,53
1681,2022-06-15 14:39:04,53
1682,2022-06-15 14:44:04,53
1683,2022-06-15 14:49:04,53
1684,2022-06-15 14:54:04,53
1685,2022-06-15 14:59:04,53
1092,2022-06-15 15:00:00,53
1686,2022-06-15 15:04:04,53
1687,2022-06-15 15:09:04,53
1688,2022-06-15 15:14:04,53
1689,2022-06-15 15:19:04,53
1690,2022-06-15 15:24:04,53
1691,2022-06-15 15:29:04,53
1692,2022-06-15 15:34:04,53
1693,2022-06-15 15:39:04,53
1694,2022-06-15 15:44:04,53
1695,2022-06-15 15:49:04,53
1696,2022-06-15 15:54:04,53
1697,2022-06-15 15:59:04,53
1093,2022-06-15 16:00:00,53
1698,2022-06-15 16:04:04,53
1699,2022-06-15 16:09:04,54
1700,2022-06-15 16:14:04,54
1701,2022-06-15 16:19:04,54
1702,2022-06-15 16:24:04,54
1703,2022-06-15 16:29:04,54
1704,2022-06-15 16:34:04,54
1705,2022-06-15 16:39:04,54
1706,2022-06-15 16:44:04,54
1707,2022-06-15 16:49:04,54
1708,2022-06-15 16:54:04,54
1709,2022-06-15 16:59:04,54
1094,2022-06-15 17:00:00,53
1710,2022-06-15 17:04:04,53
1711,2022-06-15 17:09:05,53
1712,2022-06-15 17:14:04,53
1713,2022-06-15 17:19:04,53
1714,2022-06-15 17:24:04,53
1715,2022-06-15 17:29:04,53
1716,2022-06-15 17:34:04,53
1717,2022-06-15 17:39:04,53
1718,2022-06-15 17:44:04,53
1719,2022-06-15 17:49:04,53
1720,2022-06-15 17:54:04,53
1721,2022-06-15 17:59:04,53
1095,2022-06-15 18:00:00,53
1722,2022-06-15 18:04:04,53
1723,2022-06-15 18:09:04,53
1724,2022-06-15 18:14:04,53
1725,2022-06-15 18:19:04,53
1726,2022-06-15 18:24:04,53
1727,2022-06-15 18:29:05,53
1728,2022-06-15 18:34:04,53
1729,2022-06-15 18:39:04,53
1730,2022-06-15 18:44:04,53
1731,2022-06-15 18:49:04,53
1732,2022-06-15 18:54:04,53
1733,2022-06-15 18:59:04,53
1096,2022-06-15 19:00:00,52
1734,2022-06-15 19:04:04,53
1735,2022-06-15 19:09:04,53
1736,2022-06-15 19:14:04,53
1737,2022-06-15 19:19:04,53
1738,2022-06-15 19:24:04,53
1739,2022-06-15 19:29:04,53
1740,2022-06-15 19:34:04,53
1741,2022-06-15 19:39:04,52
1742,2022-06-15 19:44:04,53
1743,2022-06-15 19:49:04,53
1744,2022-06-15 19:54:04,53
1745,2022-06-15 19:59:04,53
1097,2022-06-15 20:00:00,52
1746,2022-06-15 20:04:04,52
1747,2022-06-15 20:09:04,52
1748,2022-06-15 20:14:04,53
1749,2022-06-15 20:19:04,52
1750,2022-06-15 20:24:04,53
1751,2022-06-15 20:29:04,53
1752,2022-06-15 20:34:04,53
1753,2022-06-15 20:39:04,53
1754,2022-06-15 20:44:04,53
1755,2022-06-15 20:49:04,52
1756,2022-06-15 20:54:04,52
1757,2022-06-15 20:59:04,53
1098,2022-06-15 21:00:00,52
1758,2022-06-15 21:04:04,52
1759,2022-06-15 21:09:04,52
1760,2022-06-15 21:14:04,52
1761,2022-06-15 21:19:04,53
1762,2022-06-15 21:24:04,52
1763,2022-06-15 21:29:04,52
1764,2022-06-15 21:34:04,52
1765,2022-06-15 21:39:05,52
1766,2022-06-15 21:44:04,52
1767,2022-06-15 21:49:04,52
1768,2022-06-15 21:54:04,52
1769,2022-06-15 21:59:04,52
1099,2022-06-15 22:00:00,52
1770,2022-06-15 22:04:04,52
1771,2022-06-15 22:09:04,52
1772,2022-06-15 22:14:04,52
1773,2022-06-15 22:19:04,52
1774,2022-06-15 22:24:04,52
1775,2022-06-15 22:29:04,52
1776,2022-06-15 22:34:04,52
1777,2022-06-15 22:39:04,52
1778,2022-06-15 22:44:04,52
1779,2022-06-15 22:49:04,52
1780,2022-06-15 22:54:04,52
1781,2022-06-15 22:59:04,52
1100,2022-06-15 23:00:00,51
1782,2022-06-15 23:04:04,52
1783,2022-06-15 23:09:05,52
1784,2022-06-15 23:14:04,52
1785,2022-06-15 23:19:04,52
1786,2022-06-15 23:24:04,52
1787,2022-06-15 23:29:04,51
1788,2022-06-15 23:34:04,51
1789,2022-06-15 23:39:04,51
1790,2022-06-15 23:44:04,51
1791,2022-06-15 23:49:04,51
1792,2022-06-15 23:54:04,51
1793,2022-06-15 23:59:04,51
1101,2022-06-16 00:00:00,51
1794,2022-06-16 00:04:04,51
1795,2022-06-16 00:09:04,51
1796,2022-06-16 00:14:04,51
1797,2022-06-16 00:19:04,51
1798,2022-06-16 00:24:04,51
1799,2022-06-16 00:29:04,51
1800,2022-06-16 00:34:04,51
1801,2022-06-16 00:39:04,51
1802,2022-06-16 00:44:04,51
1803,2022-06-16 00:49:04,51
1804,2022-06-16 00:54:04,51
1805,2022-06-16 00:59:04,51
1102,2022-06-16 01:00:00,51
1806,2022-06-16 01:04:04,51
1807,2022-06-16 01:09:04,51
1808,2022-06-16 01:14:04,51
1809,2022-06-16 01:19:04,51
1810,2022-06-16 01:24:04,51
1811,2022-06-16 01:29:04,51
1812,2022-06-16 01:34:04,51
1813,2022-06-16 01:39:04,51
1814,2022-06-16 01:44:04,51
1815,2022-06-16 01:49:04,51
1816,2022-06-16 01:54:04,51
1817,2022-06-16 01:59:04,51
1103,2022-06-16 02:00:00,50
1818,2022-06-16 02:04:04,51
1819,2022-06-16 02:09:04,51
1820,2022-06-16 02:14:04,51
1821,2022-06-16 02:19:04,51
1822,2022-06-16 02:24:04,51
1823,2022-06-16 02:29:04,51
1824,2022-06-16 02:34:04,51
1825,2022-06-16 02:39:04,50
1826,2022-06-16 02:44:04,50
1827,2022-06-16 02:49:04,50
1828,2022-06-16 02:54:04,50
1829,2022-06-16 02:59:04,51
1104,2022-06-16 03:00:00,50
1830,2022-06-16 03:04:04,50
1831,2022-06-16 03:09:04,50
1832,2022-06-16 03:14:04,51
1833,2022-06-16 03:19:04,50
1834,2022-06-16 03:24:04,50
1835,2022-06-16 03:29:04,50
1836,2022-06-16 03:34:04,50
1837,2022-06-16 03:39:04,50
1838,2022-06-16 03:44:04,50
1839,2022-06-16 03:49:04,50
1840,2022-06-16 03:54:04,50
1841,2022-06-16 03:59:04,50
1105,2022-06-16 04:00:00,50
1842,2022-06-16 04:04:04,50
1843,2022-06-16 04:09:04,50
1844,2022-06-16 04:14:04,50
1845,2022-06-16 04:19:04,50
1846,2022-06-16 04:24:05,50
1847,2022-06-16 04:29:04,50
1848,2022-06-16 04:34:04,50
1849,2022-06-16 04:39:04,50
1850,2022-06-16 04:44:04,50
1851,2022-06-16 04:49:04,50
1852,2022-06-16 04:54:04,50
1853,2022-06-16 04:59:04,50
1106,2022-06-16 05:00:00,50
1854,2022-06-16 05:04:04,50
1855,2022-06-16 05:09:04,50
1856,2022-06-16 05:14:04,51
1857,2022-06-16 05:19:04,51
1858,2022-06-16 05:24:04,51
1859,2022-06-16 05:29:04,51
1860,2022-06-16 05:34:04,51
1861,2022-06-16 05:39:04,51
1862,2022-06-16 05:44:04,51
1863,2022-06-16 05:49:04,51
1864,2022-06-16 05:54:04,51
1865,2022-06-16 05:59:04,50
1107,2022-06-16 06:00:00,51
1866,2022-06-16 06:04:04,50
1867,2022-06-16 06:09:04,51
1868,2022-06-16 06:14:04,50
1869,2022-06-16 06:19:04,51
1870,2022-06-16 06:24:04,51
1871,2022-06-16 06:29:04,51
1872,2022-06-16 06:34:04,51
1873,2022-06-16 06:39:04,52
1874,2022-06-16 06:44:04,52
1875,2022-06-16 06:49:04,52
1876,2022-06-16 06:54:04,52
1877,2022-06-16 06:59:04,52
1108,2022-06-16 07:00:00,53
1878,2022-06-16 07:04:04,52
1879,2022-06-16 07:09:04,53
1880,2022-06-16 07:14:04,53
1881,2022-06-16 07:19:04,53
1882,2022-06-16 07:24:04,53
1883,2022-06-16 07:29:04,53
1884,2022-06-16 07:34:04,53
1885,2022-06-16 07:39:04,54
1886,2022-06-16 07:44:04,53
1887,2022-06-16 07:49:04,54
1888,2022-06-16 07:54:04,54
1889,2022-06-16 07:59:04,54
1109,2022-06-16 08:00:00,54
1890,2022-06-16 08:04:04,54
1891,2022-06-16 08:09:04,54
1892,2022-06-16 08:14:04,54
1893,2022-06-16 08:19:04,54
1894,2022-06-16 08:24:04,54
1895,2022-06-16 08:29:04,55
1896,2022-06-16 08:34:04,55
1897,2022-06-16 08:39:04,55
1898,2022-06-16 08:44:04,55
1899,2022-06-16 08:49:04,55
1900,2022-06-16 08:54:04,55
1901,2022-06-16 08:59:04,55
1110,2022-06-16 09:00:00,55
1902,2022-06-16 09:04:05,55
1903,2022-06-16 09:09:04,55
1904,2022-06-16 09:14:04,55
1905,2022-06-16 09:19:04,55
1906,2022-06-16 09:24:04,55
1907,2022-06-16 09:29:04,55
1908,2022-06-16 09:34:04,55
1909,2022-06-16 09:39:04,55
1910,2022-06-16 09:44:04,55
1911,2022-06-16 09:49:05,55
1912,2022-06-16 09:54:04,55
1913,2022-06-16 09:59:04,55
1111,2022-06-16 10:00:00,55
1914,2022-06-16 10:04:04,55
1915,2022-06-16 10:09:05,55
1916,2022-06-16 10:14:04,55
1917,2022-06-16 10:19:04,55
1918,2022-06-16 10:24:04,55
1919,2022-06-16 10:29:04,55
1920,2022-06-16 10:34:04,55
1921,2022-06-16 10:39:05,55
1922,2022-06-16 10:44:04,55
1923,2022-06-16 10:49:04,55
1924,2022-06-16 10:54:04,55
1925,2022-06-16 10:59:04,55
1112,2022-06-16 11:00:00,54
1926,2022-06-16 11:04:04,55
1927,2022-06-16 11:09:04,55
1928,2022-06-16 11:14:04,55
1929,2022-06-16 11:19:04,54
1930,2022-06-16 11:24:04,54
1931,2022-06-16 11:29:04,54
1932,2022-06-16 11:34:04,54
1933,2022-06-16 11:39:04,54
1934,2022-06-16 11:44:04,54
1935,2022-06-16 11:49:04,54
1936,2022-06-16 11:54:04,54
1937,2022-06-16 11:59:04,54
1113,2022-06-16 12:00:00,54
1938,2022-06-16 12:04:04,54
1939,2022-06-16 12:09:04,54
1940,2022-06-16 12:14:04,54
1941,2022-06-16 12:19:04,54
1942,2022-06-16 12:24:04,54
1943,2022-06-16 12:29:04,54
1944,2022-06-16 12:34:04,54
1945,2022-06-16 12:39:04,54
1946,2022-06-16 12:44:04,54
1947,2022-06-16 12:49:04,54
1948,2022-06-16 12:54:04,55
1949,2022-06-16 12:59:04,55
1114,2022-06-16 13:00:00,54
1950,2022-06-16 13:04:05,55
1951,2022-06-16 13:09:04,55
1952,2022-06-16 13:14:04,55
1953,2022-06-16 13:19:04,55
1954,2022-06-16 13:24:04,55
1955,2022-06-16 13:29:04,55
1956,2022-06-16 13:34:04,55
1957,2022-06-16 13:39:04,54
1958,2022-06-16 13:44:04,55
1959,2022-06-16 13:49:04,55
1960,2022-06-16 13:54:04,55
1961,2022-06-16 13:59:04,55
1115,2022-06-16 14:00:00,54
1962,2022-06-16 14:04:04,55
1963,2022-06-16 14:09:04,55
1964,2022-06-16 14:14:04,55
1965,2022-06-16 14:19:04,55
1966,2022-06-16 14:24:04,55
1967,2022-06-16 14:29:04,55
1968,2022-06-16 14:34:04,54
1969,2022-06-16 14:39:04,55
1970,2022-06-16 14:44:04,54
1971,2022-06-16 14:49:04,54
1972,2022-06-16 14:54:04,54
1973,2022-06-16 14:59:04,54
1116,2022-06-16 15:00:00,54
1974,2022-06-16 15:04:04,55
1975,2022-06-16 15:09:04,55
1976,2022-06-16 15:14:04,55
1977,2022-06-16 15:19:04,55
1978,2022-06-16 15:24:04,55
1979,2022-06-16 15:29:04,54
1980,2022-06-16 15:34:04,55
1981,2022-06-16 15:39:04,55
1982,2022-06-16 15:44:04,55
1983,2022-06-16 15:49:04,55
1984,2022-06-16 15:54:04,55
1985,2022-06-16 15:59:04,55
1117,2022-06-16 16:00:00,54
1986,2022-06-16 16:04:04,55
1987,2022-06-16 16:09:04,55
1988,2022-06-16 16:14:04,55
1989,2022-06-16 16:19:04,55
1990,2022-06-16 16:24:04,55
1991,2022-06-16 16:29:04,55
1992,2022-06-16 16:34:04,55
1993,2022-06-16 16:39:04,54
1994,2022-06-16 16:44:04,54
1995,2022-06-16 16:49:04,54
1996,2022-06-16 16:54:04,54
1997,2022-06-16 16:59:04,54
1118,2022-06-16 17:00:00,54
1998,2022-06-16 17:04:04,54
1999,2022-06-16 17:09:05,54
2000,2022-06-16 17:14:04,54
2001,2022-06-16 17:19:04,54
2002,2022-06-16 17:24:04,54
2003,2022-06-16 17:29:04,54
2004,2022-06-16 17:34:04,54
2005,2022-06-16 17:39:04,54
2006,2022-06-16 17:44:04,54
2007,2022-06-16 17:49:04,54
2008,2022-06-16 17:54:04,54
2009,2022-06-16 17:59:04,54
2010,2022-06-16 18:04:04,54
2011,2022-06-16 18:09:04,54
2012,2022-06-16 18:14:04,54
2013,2022-06-16 18:19:04,54
2014,2022-06-16 18:24:04,54
2015,2022-06-16 18:29:04,54
2016,2022-06-16 18:34:04,54
2017,2022-06-16 18:39:04,53
